timestamp,u10m,v10m,lat,lon
2024-04-01 00:00:00,-1.3837497234344482,-1.4237117767333984,52.5,13.5
2024-04-01 06:00:00,-4.101520538330078,-0.40293949842453003,52.5,13.5
2024-04-01 12:00:00,-3.0738441944122314,2.2800068855285645,52.5,13.5
2024-04-01 18:00:00,5.741886138916016,2.89909291267395,52.5,13.5
2024-04-02 00:00:00,5.217903137207031,1.938265323638916,52.5,13.5
2024-04-02 06:00:00,5.250692367553711,2.3137083053588867,52.5,13.5
2024-04-02 12:00:00,7.812949180603027,0.6534000635147095,52.5,13.5
2024-04-02 18:00:00,5.56687593460083,1.1556721925735474,52.5,13.5
2024-04-03 00:00:00,5.287293434143066,1.9089548587799072,52.5,13.5
2024-04-03 06:00:00,4.577613353729248,-1.519784927368164,52.5,13.5
2024-04-03 12:00:00,2.0210022926330566,0.03244657814502716,52.5,13.5
2024-04-03 18:00:00,-1.650085210800171,2.0492734909057617,52.5,13.5
2024-04-04 00:00:00,1.0275330543518066,3.180176019668579,52.5,13.5
2024-04-04 06:00:00,2.816535472869873,2.478040933609009,52.5,13.5
2024-04-04 12:00:00,0.2919110059738159,5.298652648925781,52.5,13.5
2024-04-04 18:00:00,4.252135753631592,2.381472110748291,52.5,13.5
2024-04-05 00:00:00,3.935086488723755,2.416282892227173,52.5,13.5
2024-04-05 06:00:00,2.8927161693573,3.0756263732910156,52.5,13.5
2024-04-05 12:00:00,1.6910637617111206,4.918084144592285,52.5,13.5
2024-04-05 18:00:00,4.141782760620117,4.738801956176758,52.5,13.5
2024-04-06 00:00:00,2.1351895332336426,0.971699595451355,52.5,13.5
2024-04-06 06:00:00,2.0622544288635254,2.1609766483306885,52.5,13.5
2024-04-06 12:00:00,2.8792715072631836,2.3130757808685303,52.5,13.5
2024-04-06 18:00:00,-1.7193033695220947,2.2297651767730713,52.5,13.5
2024-04-07 00:00:00,0.18450802564620972,3.0681850910186768,52.5,13.5
2024-04-07 06:00:00,0.6139028072357178,4.2984700202941895,52.5,13.5
2024-04-07 12:00:00,2.668457269668579,-0.19848233461380005,52.5,13.5
2024-04-07 18:00:00,-0.11905419826507568,1.819579839706421,52.5,13.5
2024-04-08 00:00:00,-1.8471870422363281,2.2672157287597656,52.5,13.5
2024-04-08 06:00:00,-1.7466585636138916,0.1160893440246582,52.5,13.5
2024-04-08 12:00:00,0.5206543803215027,2.7688651084899902,52.5,13.5
2024-04-08 18:00:00,-1.3018746376037598,1.7334489822387695,52.5,13.5
2024-04-09 00:00:00,0.7080605626106262,2.2369072437286377,52.5,13.5
2024-04-09 06:00:00,-2.0443618297576904,1.9974684715270996,52.5,13.5
2024-04-09 12:00:00,2.0426366329193115,3.0712246894836426,52.5,13.5
2024-04-09 18:00:00,6.668266296386719,-2.1220672130584717,52.5,13.5
2024-04-10 00:00:00,2.7529077529907227,2.6923749446868896,52.5,13.5
2024-04-10 06:00:00,4.062833786010742,1.1461493968963623,52.5,13.5
2024-04-10 12:00:00,5.285894870758057,-1.2152632474899292,52.5,13.5
2024-04-10 18:00:00,1.8625402450561523,-0.08076333999633789,52.5,13.5
2024-04-11 00:00:00,1.2541241645812988,1.7816405296325684,52.5,13.5
2024-04-11 06:00:00,1.5300216674804688,3.559628486633301,52.5,13.5
2024-04-11 12:00:00,3.121540069580078,2.667518138885498,52.5,13.5
2024-04-11 18:00:00,1.8220980167388916,1.1380741596221924,52.5,13.5
2024-04-12 00:00:00,1.4703104496002197,0.5588741898536682,52.5,13.5
2024-04-12 06:00:00,1.698974370956421,1.5865271091461182,52.5,13.5
2024-04-12 12:00:00,3.1347544193267822,1.496673583984375,52.5,13.5
2024-04-12 18:00:00,3.4372503757476807,0.12395268678665161,52.5,13.5
2024-04-13 00:00:00,3.9602010250091553,1.398794412612915,52.5,13.5
2024-04-13 06:00:00,3.2752907276153564,1.96636962890625,52.5,13.5
2024-04-13 12:00:00,5.114741325378418,1.6719841957092285,52.5,13.5
2024-04-13 18:00:00,2.047968626022339,2.0731329917907715,52.5,13.5
2024-04-14 00:00:00,3.7657504081726074,3.5963516235351562,52.5,13.5
2024-04-14 06:00:00,5.3182783126831055,-1.5429881811141968,52.5,13.5
2024-04-14 12:00:00,6.404831886291504,-1.2438609600067139,52.5,13.5
2024-04-14 18:00:00,2.679196834564209,-0.5700619220733643,52.5,13.5
2024-04-15 00:00:00,1.5703446865081787,-0.4848324656486511,52.5,13.5
2024-04-15 06:00:00,1.353490948677063,1.3785319328308105,52.5,13.5
2024-04-15 12:00:00,0.9134055972099304,3.4426512718200684,52.5,13.5
2024-04-15 18:00:00,-0.372125506401062,2.2132861614227295,52.5,13.5
2024-04-16 00:00:00,6.190539360046387,2.0525460243225098,52.5,13.5
2024-04-16 06:00:00,4.631481170654297,2.4992706775665283,52.5,13.5
2024-04-16 12:00:00,5.21416711807251,1.3100636005401611,52.5,13.5
2024-04-16 18:00:00,0.4324079751968384,-2.678891897201538,52.5,13.5
2024-04-17 00:00:00,1.7188340425491333,-2.5613179206848145,52.5,13.5
2024-04-17 06:00:00,0.27011317014694214,-1.4958751201629639,52.5,13.5
2024-04-17 12:00:00,2.0765140056610107,-1.599316120147705,52.5,13.5
2024-04-17 18:00:00,-0.8819760084152222,-3.0433530807495117,52.5,13.5
2024-04-18 00:00:00,-0.6286383867263794,-2.122835874557495,52.5,13.5
2024-04-18 06:00:00,0.39025557041168213,-2.087225914001465,52.5,13.5
2024-04-18 12:00:00,2.509937286376953,-1.7587428092956543,52.5,13.5
2024-04-18 18:00:00,2.808849334716797,0.15038388967514038,52.5,13.5
2024-04-19 00:00:00,3.271022319793701,1.1943964958190918,52.5,13.5
2024-04-19 06:00:00,2.306966543197632,2.7551560401916504,52.5,13.5
2024-04-19 12:00:00,3.808464527130127,3.639845848083496,52.5,13.5
2024-04-19 18:00:00,3.281649589538574,0.9709256887435913,52.5,13.5
2024-04-20 00:00:00,1.878328800201416,-1.31040358543396,52.5,13.5
2024-04-20 06:00:00,0.5731045603752136,-5.118268013000488,52.5,13.5
2024-04-20 12:00:00,0.4896852970123291,-5.163342475891113,52.5,13.5
2024-04-20 18:00:00,-1.3246841430664062,-1.4808220863342285,52.5,13.5
2024-04-21 00:00:00,-1.7826520204544067,-0.3329746723175049,52.5,13.5
2024-04-21 06:00:00,-3.055812120437622,-1.2444205284118652,52.5,13.5
2024-04-21 12:00:00,-1.697402000427246,-3.2447500228881836,52.5,13.5
2024-04-21 18:00:00,-1.0049201250076294,-3.5483341217041016,52.5,13.5
2024-04-22 00:00:00,-2.2236263751983643,-3.167099714279175,52.5,13.5
2024-04-22 06:00:00,0.031780123710632324,-2.4101481437683105,52.5,13.5
2024-04-22 12:00:00,0.7154302597045898,-1.5749616622924805,52.5,13.5
2024-04-22 18:00:00,-1.2496201992034912,-0.3293881416320801,52.5,13.5
2024-04-23 00:00:00,0.8349800109863281,1.8963344097137451,52.5,13.5
2024-04-23 06:00:00,2.3802688121795654,-0.6012609004974365,52.5,13.5
2024-04-23 12:00:00,2.525205135345459,-0.7237927317619324,52.5,13.5
2024-04-23 18:00:00,-0.2783001661300659,1.4942538738250732,52.5,13.5
2024-04-24 00:00:00,-0.15087151527404785,1.7120015621185303,52.5,13.5
2024-04-24 06:00:00,-0.9366636276245117,2.7702152729034424,52.5,13.5
2024-04-24 12:00:00,1.6210856437683105,2.3295962810516357,52.5,13.5
2024-04-24 18:00:00,-1.2409617900848389,0.7586624622344971,52.5,13.5
2024-04-25 00:00:00,-1.6730152368545532,1.4099879264831543,52.5,13.5
2024-04-25 06:00:00,1.340987205505371,2.587688446044922,52.5,13.5
2024-04-25 12:00:00,1.9342750310897827,2.3861780166625977,52.5,13.5
2024-04-25 18:00:00,3.373060703277588,1.794325351715088,52.5,13.5
2024-04-26 00:00:00,0.8003131151199341,2.66599702835083,52.5,13.5
2024-04-26 06:00:00,-0.3167365789413452,3.182675838470459,52.5,13.5
2024-04-26 12:00:00,1.4964896440505981,4.89594841003418,52.5,13.5
2024-04-26 18:00:00,-1.1152385473251343,2.1131224632263184,52.5,13.5
2024-04-27 00:00:00,-0.3831769824028015,1.9253065586090088,52.5,13.5
2024-04-27 06:00:00,-0.9098086953163147,1.3216853141784668,52.5,13.5
2024-04-27 12:00:00,-1.050040602684021,3.1259522438049316,52.5,13.5
2024-04-27 18:00:00,-1.9333491325378418,0.7040456533432007,52.5,13.5
2024-04-28 00:00:00,-2.4599878787994385,2.446702241897583,52.5,13.5
2024-04-28 06:00:00,-3.632683753967285,2.33361554145813,52.5,13.5
2024-04-28 12:00:00,-3.72379732131958,2.917478322982788,52.5,13.5
2024-04-28 18:00:00,-2.1677956581115723,2.380525588989258,52.5,13.5
2024-04-29 00:00:00,2.6572930812835693,-0.504576563835144,52.5,13.5
2024-04-29 06:00:00,0.4305124282836914,-2.2192604541778564,52.5,13.5
2024-04-29 12:00:00,-0.2143608033657074,-0.4976594150066376,52.5,13.5
2024-04-29 18:00:00,-1.4935107231140137,-3.0800609588623047,52.5,13.5
2024-04-30 00:00:00,-2.852820873260498,-2.172041416168213,52.5,13.5
2024-04-30 06:00:00,-3.302387237548828,-0.09727978706359863,52.5,13.5
2024-04-30 12:00:00,-3.696610689163208,2.5587897300720215,52.5,13.5
2024-04-30 18:00:00,-2.346395492553711,0.5355265140533447,52.5,13.5
2024-05-01 00:00:00,-2.9167263507843018,1.8622634410858154,52.5,13.5
2024-05-01 06:00:00,-4.4075236320495605,1.925954818725586,52.5,13.5
2024-05-01 12:00:00,-5.568706035614014,2.738020658493042,52.5,13.5
2024-05-01 18:00:00,-4.268650531768799,1.2023496627807617,52.5,13.5
2024-05-02 00:00:00,-3.5020751953125,0.8418655395507812,52.5,13.5
2024-05-02 06:00:00,-4.619141578674316,1.4180940389633179,52.5,13.5
2024-05-02 12:00:00,-5.848888874053955,2.4682302474975586,52.5,13.5
2024-05-02 18:00:00,-4.460554599761963,1.734032392501831,52.5,13.5
2024-05-03 00:00:00,-3.1382527351379395,1.2480559349060059,52.5,13.5
2024-05-03 06:00:00,-2.160156011581421,2.3928229808807373,52.5,13.5
2024-05-03 12:00:00,0.649919867515564,3.4177610874176025,52.5,13.5
2024-05-03 18:00:00,1.5712329149246216,1.79128098487854,52.5,13.5
2024-05-04 00:00:00,3.163177490234375,-0.16247129440307617,52.5,13.5
2024-05-04 06:00:00,2.8827810287475586,-1.58906888961792,52.5,13.5
2024-05-04 12:00:00,1.136366844177246,0.3520393371582031,52.5,13.5
2024-05-04 18:00:00,-0.15597963333129883,-0.874600887298584,52.5,13.5
2024-05-05 00:00:00,-2.7588605880737305,-0.6392796635627747,52.5,13.5
2024-05-05 06:00:00,-0.9742904901504517,2.9545867443084717,52.5,13.5
2024-05-05 12:00:00,3.3245980739593506,4.094266891479492,52.5,13.5
2024-05-05 18:00:00,4.145313262939453,-0.0484161376953125,52.5,13.5
2024-05-06 00:00:00,2.2860665321350098,0.8326486945152283,52.5,13.5
2024-05-06 06:00:00,2.79140305519104,1.0017805099487305,52.5,13.5
2024-05-06 12:00:00,1.9316291809082031,-1.0021363496780396,52.5,13.5
2024-05-06 18:00:00,-0.35572075843811035,-2.301227331161499,52.5,13.5
2024-05-07 00:00:00,-1.5385291576385498,-2.1412405967712402,52.5,13.5
2024-05-07 06:00:00,-2.228055477142334,-3.4896161556243896,52.5,13.5
2024-05-07 12:00:00,-3.091689109802246,-2.2768759727478027,52.5,13.5
2024-05-07 18:00:00,0.38508808612823486,-1.1569774150848389,52.5,13.5
2024-05-08 00:00:00,-1.8089313507080078,-1.8629924058914185,52.5,13.5
2024-05-08 06:00:00,-2.5978920459747314,-0.8917965888977051,52.5,13.5
2024-05-08 12:00:00,-1.7653110027313232,-2.736032009124756,52.5,13.5
2024-05-08 18:00:00,-1.33479642868042,-2.142218589782715,52.5,13.5
2024-05-09 00:00:00,-0.8920717835426331,-1.6030244827270508,52.5,13.5
2024-05-09 06:00:00,-0.7027451395988464,-0.7583053112030029,52.5,13.5
2024-05-09 12:00:00,0.31818926334381104,-0.7226932048797607,52.5,13.5
2024-05-09 18:00:00,0.5775309205055237,-1.5845060348510742,52.5,13.5
2024-05-10 00:00:00,-0.038023948669433594,-1.9968287944793701,52.5,13.5
2024-05-10 06:00:00,0.3759616017341614,-0.6069705486297607,52.5,13.5
2024-05-10 12:00:00,1.7832250595092773,-1.250171422958374,52.5,13.5
2024-05-10 18:00:00,-0.14942634105682373,-1.7960412502288818,52.5,13.5
2024-05-11 00:00:00,-1.72603178024292,-1.7546446323394775,52.5,13.5
2024-05-11 06:00:00,-1.0976898670196533,-1.532313346862793,52.5,13.5
2024-05-11 12:00:00,0.06702280044555664,-3.112847089767456,52.5,13.5
2024-05-11 18:00:00,-2.342007637023926,-2.4524569511413574,52.5,13.5
2024-05-12 00:00:00,-2.2891876697540283,-1.4245903491973877,52.5,13.5
2024-05-12 06:00:00,-3.9545583724975586,-0.1264134645462036,52.5,13.5
2024-05-12 12:00:00,-4.041101932525635,-0.028363823890686035,52.5,13.5
2024-05-12 18:00:00,-3.035329818725586,-0.9515990018844604,52.5,13.5
2024-05-13 00:00:00,-3.758117198944092,1.1693769693374634,52.5,13.5
2024-05-13 06:00:00,-3.621715545654297,1.5562134981155396,52.5,13.5
2024-05-13 12:00:00,-3.815727949142456,1.437690258026123,52.5,13.5
2024-05-13 18:00:00,-2.830416202545166,-0.5473920106887817,52.5,13.5
2024-05-14 00:00:00,-3.984516143798828,0.5362107157707214,52.5,13.5
2024-05-14 06:00:00,-3.9076266288757324,1.1476906538009644,52.5,13.5
2024-05-14 12:00:00,-4.6116485595703125,1.846524953842163,52.5,13.5
2024-05-14 18:00:00,-3.6969804763793945,0.09124982357025146,52.5,13.5
2024-05-15 00:00:00,-4.357393741607666,1.2255111932754517,52.5,13.5
2024-05-15 06:00:00,-5.157433986663818,1.007261872291565,52.5,13.5
2024-05-15 12:00:00,-6.378429412841797,1.5576616525650024,52.5,13.5
2024-05-15 18:00:00,-4.867325782775879,0.8735198378562927,52.5,13.5
2024-05-16 00:00:00,-5.427374362945557,1.8328320980072021,52.5,13.5
2024-05-16 06:00:00,-5.7964277267456055,1.1752159595489502,52.5,13.5
2024-05-16 12:00:00,-6.484356880187988,5.121657848358154,52.5,13.5
2024-05-16 18:00:00,-4.071748733520508,2.2141454219818115,52.5,13.5
2024-05-17 00:00:00,-4.827204704284668,0.17713510990142822,52.5,13.5
2024-05-17 06:00:00,-6.419057846069336,-0.1991511583328247,52.5,13.5
2024-05-17 12:00:00,-6.52033805847168,0.7309874296188354,52.5,13.5
2024-05-17 18:00:00,-1.1678297519683838,2.182285785675049,52.5,13.5
2024-05-18 00:00:00,-3.136338949203491,-0.17388400435447693,52.5,13.5
2024-05-18 06:00:00,-3.697704553604126,0.5470901131629944,52.5,13.5
2024-05-18 12:00:00,-3.63857102394104,1.95400869846344,52.5,13.5
2024-05-18 18:00:00,-1.431180715560913,0.2630314230918884,52.5,13.5
2024-05-19 00:00:00,-1.3487637042999268,0.5643752813339233,52.5,13.5
2024-05-19 06:00:00,-0.8158714175224304,1.1517119407653809,52.5,13.5
2024-05-19 12:00:00,-0.6412011384963989,1.786535620689392,52.5,13.5
2024-05-19 18:00:00,-0.7936675548553467,0.6437282562255859,52.5,13.5
2024-05-20 00:00:00,-1.2359451055526733,1.2447714805603027,52.5,13.5
2024-05-20 06:00:00,0.08415277302265167,1.2828845977783203,52.5,13.5
2024-05-20 12:00:00,-0.7374818325042725,1.0999414920806885,52.5,13.5
2024-05-20 18:00:00,-1.6139402389526367,-1.2471325397491455,52.5,13.5
2024-05-21 00:00:00,-3.4697747230529785,-1.1719059944152832,52.5,13.5
2024-05-21 06:00:00,-4.059128761291504,-1.525632619857788,52.5,13.5
2024-05-21 12:00:00,-5.770668029785156,-0.5333608388900757,52.5,13.5
2024-05-21 18:00:00,-4.393749237060547,-1.7494187355041504,52.5,13.5
2024-05-22 00:00:00,-4.849802494049072,-0.5106998682022095,52.5,13.5
2024-05-22 06:00:00,-4.91928768157959,0.33046138286590576,52.5,13.5
2024-05-22 12:00:00,-2.644946813583374,0.7354134321212769,52.5,13.5
2024-05-22 18:00:00,4.1720991134643555,0.9799128770828247,52.5,13.5
2024-05-23 00:00:00,4.269366264343262,0.6160988807678223,52.5,13.5
2024-05-23 06:00:00,3.687769889831543,0.9901418685913086,52.5,13.5
2024-05-23 12:00:00,3.7262158393859863,-0.13024330139160156,52.5,13.5
2024-05-23 18:00:00,-0.11919170618057251,-1.1085090637207031,52.5,13.5
2024-05-24 00:00:00,-1.4109480381011963,-0.3557537794113159,52.5,13.5
2024-05-24 06:00:00,-2.0768065452575684,-0.7823740243911743,52.5,13.5
2024-05-24 12:00:00,-3.738572120666504,-1.4764655828475952,52.5,13.5
2024-05-24 18:00:00,-2.013430595397949,-2.0897326469421387,52.5,13.5
2024-05-25 00:00:00,-0.6059513092041016,-1.6388576030731201,52.5,13.5
2024-05-25 06:00:00,-0.39212679862976074,2.8658838272094727,52.5,13.5
2024-05-25 12:00:00,0.3921623229980469,1.7900888919830322,52.5,13.5
2024-05-25 18:00:00,-0.9019546508789062,-0.11434817314147949,52.5,13.5
2024-05-26 00:00:00,-0.33770906925201416,0.10280877351760864,52.5,13.5
2024-05-26 06:00:00,-0.058840274810791016,0.8003003597259521,52.5,13.5
2024-05-26 12:00:00,-1.0826538801193237,2.9747872352600098,52.5,13.5
2024-05-26 18:00:00,-1.3801655769348145,1.5110702514648438,52.5,13.5
2024-05-27 00:00:00,-1.577978491783142,2.7048633098602295,52.5,13.5
2024-05-27 06:00:00,-0.5090897083282471,2.3655169010162354,52.5,13.5
2024-05-27 12:00:00,1.2173062562942505,0.3835262358188629,52.5,13.5
2024-05-27 18:00:00,-1.2228542566299438,0.3494434058666229,52.5,13.5
2024-05-28 00:00:00,-1.8516952991485596,1.335910677909851,52.5,13.5
2024-05-28 06:00:00,3.1636669635772705,0.31397294998168945,52.5,13.5
2024-05-28 12:00:00,2.6792118549346924,0.18886959552764893,52.5,13.5
2024-05-28 18:00:00,1.037365436553955,-0.33500057458877563,52.5,13.5
2024-05-29 00:00:00,-0.12695631384849548,1.966650128364563,52.5,13.5
2024-05-29 06:00:00,-0.2184123694896698,2.9330177307128906,52.5,13.5
2024-05-29 12:00:00,-0.046502530574798584,4.93984842300415,52.5,13.5
2024-05-29 18:00:00,0.4073393940925598,2.2926723957061768,52.5,13.5
2024-05-30 00:00:00,-0.32616662979125977,2.6588330268859863,52.5,13.5
2024-05-30 06:00:00,-1.0588440895080566,0.741222620010376,52.5,13.5
2024-05-30 12:00:00,-1.8537911176681519,0.5174453258514404,52.5,13.5
2024-05-30 18:00:00,-0.7297053337097168,-1.3247346878051758,52.5,13.5
2024-05-31 00:00:00,-0.7637250423431396,1.7103021144866943,52.5,13.5
2024-05-31 06:00:00,1.1392419338226318,1.5469467639923096,52.5,13.5
2024-05-31 12:00:00,-0.794001579284668,1.720414400100708,52.5,13.5
2024-05-31 18:00:00,0.64947509765625,-1.2495384216308594,52.5,13.5
2024-06-01 00:00:00,-1.0622745752334595,-2.706281900405884,52.5,13.5
2024-06-01 06:00:00,-2.0116896629333496,-2.751187801361084,52.5,13.5
2024-06-01 12:00:00,-1.9325101375579834,-4.340579986572266,52.5,13.5
2024-06-01 18:00:00,0.08989948034286499,-3.140371322631836,52.5,13.5
2024-06-02 00:00:00,0.8603463768959045,-3.1071135997772217,52.5,13.5
2024-06-02 06:00:00,2.243732452392578,-3.804474115371704,52.5,13.5
2024-06-02 12:00:00,3.4535653591156006,-3.3963634967803955,52.5,13.5
2024-06-02 18:00:00,2.4345693588256836,-2.688697099685669,52.5,13.5
2024-06-03 00:00:00,4.0119404792785645,-1.464534044265747,52.5,13.5
2024-06-03 06:00:00,3.548642158508301,-0.936715841293335,52.5,13.5
2024-06-03 12:00:00,3.545022487640381,-0.7094607353210449,52.5,13.5
2024-06-03 18:00:00,2.8211183547973633,-1.6580674648284912,52.5,13.5
2024-06-04 00:00:00,2.4743969440460205,0.4950981140136719,52.5,13.5
2024-06-04 06:00:00,2.1489579677581787,-0.6449625492095947,52.5,13.5
2024-06-04 12:00:00,1.029928207397461,1.4225668907165527,52.5,13.5
2024-06-04 18:00:00,-0.1631256341934204,0.48087549209594727,52.5,13.5
2024-06-05 00:00:00,-0.40801310539245605,2.2806396484375,52.5,13.5
2024-06-05 06:00:00,2.5453715324401855,3.3172659873962402,52.5,13.5
2024-06-05 12:00:00,3.7412681579589844,1.0193989276885986,52.5,13.5
2024-06-05 18:00:00,2.1688132286071777,-0.05619839206337929,52.5,13.5
2024-06-06 00:00:00,2.6682093143463135,1.0883102416992188,52.5,13.5
2024-06-06 06:00:00,1.718735933303833,0.1061435341835022,52.5,13.5
2024-06-06 12:00:00,3.1654889583587646,0.7113390564918518,52.5,13.5
2024-06-06 18:00:00,-0.3087369203567505,-0.6667566299438477,52.5,13.5
2024-06-07 00:00:00,-0.9419012665748596,-2.572685956954956,52.5,13.5
2024-06-07 06:00:00,-0.28362026810646057,-0.7580903768539429,52.5,13.5
2024-06-07 12:00:00,2.0842034816741943,-2.0872392654418945,52.5,13.5
2024-06-07 18:00:00,1.0673465728759766,-0.025327324867248535,52.5,13.5
2024-06-08 00:00:00,1.838552474975586,1.4329416751861572,52.5,13.5
2024-06-08 06:00:00,-0.2800651788711548,1.7392117977142334,52.5,13.5
2024-06-08 12:00:00,1.547621250152588,3.6778268814086914,52.5,13.5
2024-06-08 18:00:00,2.765547275543213,-0.3636235296726227,52.5,13.5
2024-06-09 00:00:00,2.1867575645446777,-2.6283867359161377,52.5,13.5
2024-06-09 06:00:00,3.4419331550598145,-0.49461233615875244,52.5,13.5
2024-06-09 12:00:00,3.985269069671631,1.6749577522277832,52.5,13.5
2024-06-09 18:00:00,2.0134401321411133,-0.449212908744812,52.5,13.5
2024-06-10 00:00:00,0.7145243287086487,-1.5329163074493408,52.5,13.5
2024-06-10 06:00:00,1.6677253246307373,-0.7895984649658203,52.5,13.5
2024-06-10 12:00:00,1.816908359527588,-0.25865697860717773,52.5,13.5
2024-06-10 18:00:00,1.63710355758667,-1.2350189685821533,52.5,13.5
2024-06-11 00:00:00,0.12549304962158203,3.2802250385284424,52.5,13.5
2024-06-11 06:00:00,7.265316963195801,1.9239994287490845,52.5,13.5
2024-06-11 12:00:00,6.132803916931152,1.02491295337677,52.5,13.5
2024-06-11 18:00:00,5.091012001037598,0.3599205017089844,52.5,13.5
2024-06-12 00:00:00,3.0959646701812744,0.766333818435669,52.5,13.5
2024-06-12 06:00:00,4.172543525695801,1.5567011833190918,52.5,13.5
2024-06-12 12:00:00,4.38143253326416,0.7897469997406006,52.5,13.5
2024-06-12 18:00:00,2.7649571895599365,0.210097074508667,52.5,13.5
2024-06-13 00:00:00,2.0260677337646484,-0.22250020503997803,52.5,13.5
2024-06-13 06:00:00,2.2406885623931885,-0.5976244211196899,52.5,13.5
2024-06-13 12:00:00,3.3858039379119873,0.5898380279541016,52.5,13.5
2024-06-13 18:00:00,1.30807626247406,-1.0885199308395386,52.5,13.5
2024-06-14 00:00:00,-1.541346788406372,1.2608740329742432,52.5,13.5
2024-06-14 06:00:00,-1.6232542991638184,2.5033936500549316,52.5,13.5
2024-06-14 12:00:00,-1.232273817062378,4.095706462860107,52.5,13.5
2024-06-14 18:00:00,-1.0518214702606201,3.754092216491699,52.5,13.5
2024-06-15 00:00:00,-1.1850950717926025,2.6662349700927734,52.5,13.5
2024-06-15 06:00:00,-2.117400646209717,3.783768653869629,52.5,13.5
2024-06-15 12:00:00,2.7159268856048584,5.20161771774292,52.5,13.5
2024-06-15 18:00:00,2.1575798988342285,0.6166160106658936,52.5,13.5
2024-06-16 00:00:00,-0.31322312355041504,1.4001777172088623,52.5,13.5
2024-06-16 06:00:00,0.6405415534973145,2.323897123336792,52.5,13.5
2024-06-16 12:00:00,1.0202248096466064,3.98360538482666,52.5,13.5
2024-06-16 18:00:00,0.32616353034973145,1.2024917602539062,52.5,13.5
2024-06-17 00:00:00,-0.0478365421295166,2.0657856464385986,52.5,13.5
2024-06-17 06:00:00,1.2323253154754639,1.4527535438537598,52.5,13.5
2024-06-17 12:00:00,1.1543493270874023,2.377167224884033,52.5,13.5
2024-06-17 18:00:00,1.5381267070770264,1.0148732662200928,52.5,13.5
2024-06-18 00:00:00,1.2069227695465088,1.0093920230865479,52.5,13.5
2024-06-18 06:00:00,0.9878101348876953,0.1418309211730957,52.5,13.5
2024-06-18 12:00:00,0.8230869770050049,1.6087555885314941,52.5,13.5
2024-06-18 18:00:00,-0.7744159698486328,0.16204309463500977,52.5,13.5
2024-06-19 00:00:00,1.5177273750305176,2.0339646339416504,52.5,13.5
2024-06-19 06:00:00,0.28821825981140137,-3.136190414428711,52.5,13.5
2024-06-19 12:00:00,1.0225934982299805,-2.55376935005188,52.5,13.5
2024-06-19 18:00:00,1.9208450317382812,-0.4646841287612915,52.5,13.5
2024-06-20 00:00:00,1.3661777973175049,-1.0457991361618042,52.5,13.5
2024-06-20 06:00:00,0.03298211097717285,-1.3093940019607544,52.5,13.5
2024-06-20 12:00:00,1.4324791431427002,1.8879953622817993,52.5,13.5
2024-06-20 18:00:00,-0.8602946996688843,0.18430960178375244,52.5,13.5
2024-06-21 00:00:00,-2.061624526977539,0.08591637760400772,52.5,13.5
2024-06-21 06:00:00,-2.057168960571289,1.0216667652130127,52.5,13.5
2024-06-21 12:00:00,-1.75344717502594,0.5355626344680786,52.5,13.5
2024-06-21 18:00:00,-1.6153241395950317,0.9403961896896362,52.5,13.5
2024-06-22 00:00:00,2.267756938934326,2.6955106258392334,52.5,13.5
2024-06-22 06:00:00,5.464765548706055,0.582772433757782,52.5,13.5
2024-06-22 12:00:00,6.265803337097168,0.6003658175468445,52.5,13.5
2024-06-22 18:00:00,3.6563639640808105,-0.01769798994064331,52.5,13.5
2024-06-23 00:00:00,2.789860486984253,-0.1583918333053589,52.5,13.5
2024-06-23 06:00:00,3.364915609359741,-1.5292596817016602,52.5,13.5
2024-06-23 12:00:00,4.953598499298096,-1.958993911743164,52.5,13.5
2024-06-23 18:00:00,1.6056301593780518,-1.8686070442199707,52.5,13.5
2024-06-24 00:00:00,1.064629077911377,-1.188276767730713,52.5,13.5
2024-06-24 06:00:00,0.33748847246170044,-1.0707879066467285,52.5,13.5
2024-06-24 12:00:00,0.3170163333415985,-0.9844841957092285,52.5,13.5
2024-06-24 18:00:00,-1.5542900562286377,-1.2455706596374512,52.5,13.5
2024-06-25 00:00:00,-2.273604154586792,-0.9225988388061523,52.5,13.5
2024-06-25 06:00:00,-2.3247456550598145,0.2218325138092041,52.5,13.5
2024-06-25 12:00:00,-4.000789642333984,0.5733987092971802,52.5,13.5
2024-06-25 18:00:00,-4.273543357849121,0.3343336582183838,52.5,13.5
2024-06-26 00:00:00,-3.2839903831481934,-0.6219966411590576,52.5,13.5
2024-06-26 06:00:00,-3.983515739440918,0.3239099979400635,52.5,13.5
2024-06-26 12:00:00,-3.7925844192504883,0.14493417739868164,52.5,13.5
2024-06-26 18:00:00,-2.3701889514923096,-1.902245283126831,52.5,13.5
2024-06-27 00:00:00,-2.5221331119537354,-0.1342010498046875,52.5,13.5
2024-06-27 06:00:00,-2.408604383468628,1.4568548202514648,52.5,13.5
2024-06-27 12:00:00,-1.6335365772247314,0.39764904975891113,52.5,13.5
2024-06-27 18:00:00,0.49875378608703613,1.4673418998718262,52.5,13.5
2024-06-28 00:00:00,0.08692815899848938,2.883195400238037,52.5,13.5
2024-06-28 06:00:00,2.273402452468872,1.3963985443115234,52.5,13.5
2024-06-28 12:00:00,3.8965048789978027,0.28903400897979736,52.5,13.5
2024-06-28 18:00:00,2.437816619873047,-1.48371160030365,52.5,13.5
2024-06-29 00:00:00,-0.47011417150497437,-2.0831284523010254,52.5,13.5
2024-06-29 06:00:00,-1.6362627744674683,1.0975112915039062,52.5,13.5
2024-06-29 12:00:00,-0.773951530456543,1.4679749011993408,52.5,13.5
2024-06-29 18:00:00,-1.658705234527588,-0.002421855926513672,52.5,13.5
2024-06-30 00:00:00,-3.4030520915985107,1.5290026664733887,52.5,13.5
2024-06-30 06:00:00,-0.9991592168807983,3.482914924621582,52.5,13.5
2024-06-30 12:00:00,4.532224178314209,3.3894670009613037,52.5,13.5
2024-06-30 18:00:00,4.120025157928467,-2.6290459632873535,52.5,13.5
2024-07-01 00:00:00,2.775725841522217,-0.16503000259399414,52.5,13.5
2024-07-01 06:00:00,2.6030209064483643,-0.11330509185791016,52.5,13.5
2024-07-01 12:00:00,1.8105648756027222,-0.7750816345214844,52.5,13.5
2024-07-01 18:00:00,3.2991902828216553,-1.57301664352417,52.5,13.5
2024-07-02 00:00:00,3.9540562629699707,-1.2760483026504517,52.5,13.5
2024-07-02 06:00:00,4.078974723815918,0.6817064881324768,52.5,13.5
2024-07-02 12:00:00,4.842538833618164,1.4968338012695312,52.5,13.5
2024-07-02 18:00:00,4.28821325302124,0.4020272493362427,52.5,13.5
2024-07-03 00:00:00,4.432552337646484,-0.9138416051864624,52.5,13.5
2024-07-03 06:00:00,4.854092597961426,-0.30905210971832275,52.5,13.5
2024-07-03 12:00:00,3.760984182357788,0.5493587255477905,52.5,13.5
2024-07-03 18:00:00,1.6540443897247314,0.6422231197357178,52.5,13.5
2024-07-04 00:00:00,1.2756669521331787,1.3267967700958252,52.5,13.5
2024-07-04 06:00:00,1.5038204193115234,3.7913990020751953,52.5,13.5
2024-07-04 12:00:00,3.1293179988861084,4.53223991394043,52.5,13.5
2024-07-04 18:00:00,2.9487922191619873,0.1409902572631836,52.5,13.5
2024-07-05 00:00:00,2.0536813735961914,1.305934190750122,52.5,13.5
2024-07-05 06:00:00,1.8190964460372925,2.45503568649292,52.5,13.5
2024-07-05 12:00:00,4.690333366394043,2.852156639099121,52.5,13.5
2024-07-05 18:00:00,3.847076892852783,1.4890658855438232,52.5,13.5
2024-07-06 00:00:00,0.4207425117492676,2.4277424812316895,52.5,13.5
2024-07-06 06:00:00,-0.8206598162651062,3.34116792678833,52.5,13.5
2024-07-06 12:00:00,-0.9387345910072327,5.842214107513428,52.5,13.5
2024-07-06 18:00:00,2.588142156600952,3.3257336616516113,52.5,13.5
2024-07-07 00:00:00,4.983487129211426,-0.041900426149368286,52.5,13.5
2024-07-07 06:00:00,4.18129301071167,1.789503812789917,52.5,13.5
2024-07-07 12:00:00,3.1585142612457275,2.4784841537475586,52.5,13.5
2024-07-07 18:00:00,0.4222002625465393,1.0300034284591675,52.5,13.5
2024-07-08 00:00:00,-0.055437326431274414,1.5899227857589722,52.5,13.5
2024-07-08 06:00:00,0.662147045135498,1.6586542129516602,52.5,13.5
2024-07-08 12:00:00,2.685784339904785,2.095903158187866,52.5,13.5
2024-07-08 18:00:00,-0.2565596103668213,-1.9446280002593994,52.5,13.5
2024-07-09 00:00:00,-2.728586196899414,-0.8850102424621582,52.5,13.5
2024-07-09 06:00:00,-3.0833516120910645,0.9311914443969727,52.5,13.5
2024-07-09 12:00:00,-1.8264684677124023,2.4149792194366455,52.5,13.5
2024-07-09 18:00:00,-1.8813724517822266,0.7656948566436768,52.5,13.5
2024-07-10 00:00:00,-3.509659767150879,1.581419825553894,52.5,13.5
2024-07-10 06:00:00,-1.9087023735046387,3.207977771759033,52.5,13.5
2024-07-10 12:00:00,3.149895191192627,-1.7165226936340332,52.5,13.5
2024-07-10 18:00:00,1.0539321899414062,-1.212759256362915,52.5,13.5
2024-07-11 00:00:00,0.3414182662963867,2.146171808242798,52.5,13.5
2024-07-11 06:00:00,3.0943591594696045,0.21257956326007843,52.5,13.5
2024-07-11 12:00:00,2.236102342605591,-1.4860845804214478,52.5,13.5
2024-07-11 18:00:00,-0.5088719129562378,-0.4155183732509613,52.5,13.5
2024-07-12 00:00:00,-1.0883922576904297,-0.46685245633125305,52.5,13.5
2024-07-12 06:00:00,-2.5618371963500977,0.4173937737941742,52.5,13.5
2024-07-12 12:00:00,-4.354205131530762,0.8419982194900513,52.5,13.5
2024-07-12 18:00:00,-2.647141456604004,2.2874350547790527,52.5,13.5
2024-07-13 00:00:00,0.668869137763977,0.7790435552597046,52.5,13.5
2024-07-13 06:00:00,4.282073497772217,0.3952283263206482,52.5,13.5
2024-07-13 12:00:00,4.689863204956055,1.85959792137146,52.5,13.5
2024-07-13 18:00:00,2.068472385406494,0.3708818554878235,52.5,13.5
2024-07-14 00:00:00,0.4556400775909424,1.137845516204834,52.5,13.5
2024-07-14 06:00:00,-0.1134299784898758,-0.20941898226737976,52.5,13.5
2024-07-14 12:00:00,2.1104865074157715,1.9584285020828247,52.5,13.5
2024-07-14 18:00:00,2.044261932373047,0.8179352283477783,52.5,13.5
2024-07-15 00:00:00,-1.527515172958374,0.8225005269050598,52.5,13.5
2024-07-15 06:00:00,0.8295040130615234,1.2472320795059204,52.5,13.5
2024-07-15 12:00:00,2.277054786682129,2.111429452896118,52.5,13.5
2024-07-15 18:00:00,-0.03421926498413086,-1.5516399145126343,52.5,13.5
2024-07-16 00:00:00,-3.1399991512298584,-1.8491908311843872,52.5,13.5
2024-07-16 06:00:00,2.0836119651794434,1.5298676490783691,52.5,13.5
2024-07-16 12:00:00,2.1303000450134277,3.6224758625030518,52.5,13.5
2024-07-16 18:00:00,2.6779799461364746,0.3343719244003296,52.5,13.5
2024-07-17 00:00:00,3.3710343837738037,2.2267649173736572,52.5,13.5
2024-07-17 06:00:00,3.8763411045074463,2.492081642150879,52.5,13.5
2024-07-17 12:00:00,4.578995704650879,1.3981361389160156,52.5,13.5
2024-07-17 18:00:00,3.005781412124634,-0.3034701347351074,52.5,13.5
2024-07-18 00:00:00,2.3208656311035156,-0.33266153931617737,52.5,13.5
2024-07-18 06:00:00,1.9252543449401855,-0.9559156894683838,52.5,13.5
2024-07-18 12:00:00,0.612872838973999,-1.071781873703003,52.5,13.5
2024-07-18 18:00:00,-0.12054324150085449,-1.3481945991516113,52.5,13.5
2024-07-19 00:00:00,-1.567082166671753,-0.07422687858343124,52.5,13.5
2024-07-19 06:00:00,-0.32379603385925293,0.5426384210586548,52.5,13.5
2024-07-19 12:00:00,-0.8342726230621338,-0.4553382992744446,52.5,13.5
2024-07-19 18:00:00,-1.8383283615112305,-0.8328338861465454,52.5,13.5
2024-07-20 00:00:00,-2.4308669567108154,-1.3582649230957031,52.5,13.5
2024-07-20 06:00:00,-2.7162022590637207,-0.028327107429504395,52.5,13.5
2024-07-20 12:00:00,-1.9968695640563965,1.1317412853240967,52.5,13.5
2024-07-20 18:00:00,-2.253431558609009,-0.02478814125061035,52.5,13.5
2024-07-21 00:00:00,-3.151970624923706,-0.5736582279205322,52.5,13.5
2024-07-21 06:00:00,-2.2494094371795654,1.084829330444336,52.5,13.5
2024-07-21 12:00:00,-1.2760450839996338,1.5451109409332275,52.5,13.5
2024-07-21 18:00:00,1.7613379955291748,0.8866298198699951,52.5,13.5
2024-07-22 00:00:00,2.9396817684173584,-0.39460480213165283,52.5,13.5
2024-07-22 06:00:00,4.959738254547119,0.9821294546127319,52.5,13.5
2024-07-22 12:00:00,5.1564621925354,-2.1500086784362793,52.5,13.5
2024-07-22 18:00:00,3.731935739517212,-1.868711233139038,52.5,13.5
2024-07-23 00:00:00,1.7496981620788574,0.020502924919128418,52.5,13.5
2024-07-23 06:00:00,-0.26476824283599854,1.5205267667770386,52.5,13.5
2024-07-23 12:00:00,0.8322408199310303,2.4829251766204834,52.5,13.5
2024-07-23 18:00:00,1.065582513809204,-1.2475078105926514,52.5,13.5
2024-07-24 00:00:00,1.844254970550537,0.5414252281188965,52.5,13.5
2024-07-24 06:00:00,2.8242151737213135,-1.220759391784668,52.5,13.5
2024-07-24 12:00:00,4.108757495880127,-2.632228374481201,52.5,13.5
2024-07-24 18:00:00,2.562671661376953,-2.702515125274658,52.5,13.5
2024-07-25 00:00:00,2.3900861740112305,-1.2851134538650513,52.5,13.5
2024-07-25 06:00:00,2.5074105262756348,-1.1569985151290894,52.5,13.5
2024-07-25 12:00:00,2.229682445526123,-0.9964948892593384,52.5,13.5
2024-07-25 18:00:00,-0.07738208770751953,-1.015928030014038,52.5,13.5
2024-07-26 00:00:00,-1.6102466583251953,1.480381965637207,52.5,13.5
2024-07-26 06:00:00,-1.5800397396087646,2.3249664306640625,52.5,13.5
2024-07-26 12:00:00,1.406994342803955,1.1472854614257812,52.5,13.5
2024-07-26 18:00:00,0.2168412208557129,1.492965579032898,52.5,13.5
2024-07-27 00:00:00,0.7424368858337402,1.724452257156372,52.5,13.5
2024-07-27 06:00:00,-0.5742073059082031,-0.5443077087402344,52.5,13.5
2024-07-27 12:00:00,-0.5704519748687744,1.1517417430877686,52.5,13.5
2024-07-27 18:00:00,1.1472694873809814,-0.8157038688659668,52.5,13.5
2024-07-28 00:00:00,-0.723429262638092,-1.3778471946716309,52.5,13.5
2024-07-28 06:00:00,2.16081166267395,-3.449786424636841,52.5,13.5
2024-07-28 12:00:00,4.842141151428223,-2.4363853931427,52.5,13.5
2024-07-28 18:00:00,3.1753687858581543,-1.4157042503356934,52.5,13.5
2024-07-29 00:00:00,2.752580404281616,-1.466057538986206,52.5,13.5
2024-07-29 06:00:00,3.3347580432891846,-1.7141482830047607,52.5,13.5
2024-07-29 12:00:00,2.680915355682373,-2.8946921825408936,52.5,13.5
2024-07-29 18:00:00,0.5470690727233887,-1.3485405445098877,52.5,13.5
2024-07-30 00:00:00,-1.8514775037765503,-0.23553860187530518,52.5,13.5
2024-07-30 06:00:00,-0.4141373634338379,1.093430519104004,52.5,13.5
2024-07-30 12:00:00,-0.13895034790039062,1.6401302814483643,52.5,13.5
2024-07-30 18:00:00,-1.1039998531341553,-0.8852075338363647,52.5,13.5
2024-07-31 00:00:00,-1.7393500804901123,0.8142952919006348,52.5,13.5
2024-07-31 06:00:00,-0.8327031135559082,0.9567759037017822,52.5,13.5
2024-07-31 12:00:00,0.5441789627075195,0.1496196985244751,52.5,13.5
2024-07-31 18:00:00,-0.3418433666229248,-1.871078372001648,52.5,13.5
2024-08-01 00:00:00,-1.4996943473815918,-2.6276588439941406,52.5,13.5
2024-08-01 06:00:00,-2.3059208393096924,-1.027779459953308,52.5,13.5
2024-08-01 12:00:00,-1.620943307876587,-1.2698510885238647,52.5,13.5
2024-08-01 18:00:00,-2.712970733642578,-1.9787181615829468,52.5,13.5
2024-08-02 00:00:00,-2.7314376831054688,-0.8633830547332764,52.5,13.5
2024-08-02 06:00:00,-1.397242546081543,-1.7887589931488037,52.5,13.5
2024-08-02 12:00:00,-0.5979804992675781,-2.7714264392852783,52.5,13.5
2024-08-02 18:00:00,1.0562331676483154,-1.7445204257965088,52.5,13.5
2024-08-03 00:00:00,0.9377943873405457,-0.9440057277679443,52.5,13.5
2024-08-03 06:00:00,0.7464019060134888,-1.6112725734710693,52.5,13.5
2024-08-03 12:00:00,2.0643362998962402,-1.6818933486938477,52.5,13.5
2024-08-03 18:00:00,-1.0950473546981812,-0.15133750438690186,52.5,13.5
2024-08-04 00:00:00,0.8841714859008789,1.2451121807098389,52.5,13.5
2024-08-04 06:00:00,2.026376724243164,1.477879285812378,52.5,13.5
2024-08-04 12:00:00,2.1044158935546875,-0.0402260422706604,52.5,13.5
2024-08-04 18:00:00,3.995084762573242,-2.134446620941162,52.5,13.5
2024-08-05 00:00:00,3.691751003265381,-1.3480793237686157,52.5,13.5
2024-08-05 06:00:00,3.211569309234619,-1.5266661643981934,52.5,13.5
2024-08-05 12:00:00,2.9030051231384277,-2.1666018962860107,52.5,13.5
2024-08-05 18:00:00,0.7872589826583862,-0.6739144325256348,52.5,13.5
2024-08-06 00:00:00,-0.23439431190490723,0.4776120185852051,52.5,13.5
2024-08-06 06:00:00,-0.21647953987121582,0.384443461894989,52.5,13.5
2024-08-06 12:00:00,-0.8947950601577759,1.5691120624542236,52.5,13.5
2024-08-06 18:00:00,-2.4826881885528564,0.19810637831687927,52.5,13.5
2024-08-07 00:00:00,-2.1427369117736816,1.2977977991104126,52.5,13.5
2024-08-07 06:00:00,-2.1994404792785645,1.285952091217041,52.5,13.5
2024-08-07 12:00:00,-0.9406237602233887,0.651018500328064,52.5,13.5
2024-08-07 18:00:00,0.88846755027771,-0.1766061782836914,52.5,13.5
2024-08-08 00:00:00,2.4755468368530273,-2.28368878364563,52.5,13.5
2024-08-08 06:00:00,2.420976161956787,-1.956214189529419,52.5,13.5
2024-08-08 12:00:00,3.6295838356018066,-1.9379041194915771,52.5,13.5
2024-08-08 18:00:00,1.528162956237793,-0.7012479305267334,52.5,13.5
2024-08-09 00:00:00,0.8823829293251038,1.2325125932693481,52.5,13.5
2024-08-09 06:00:00,0.6252327561378479,2.866459846496582,52.5,13.5
2024-08-09 12:00:00,2.408446788787842,3.230926036834717,52.5,13.5
2024-08-09 18:00:00,3.5832252502441406,1.5431548357009888,52.5,13.5
2024-08-10 00:00:00,3.1883108615875244,-0.022635459899902344,52.5,13.5
2024-08-10 06:00:00,2.4868977069854736,0.6794190406799316,52.5,13.5
2024-08-10 12:00:00,2.8655052185058594,1.6605865955352783,52.5,13.5
2024-08-10 18:00:00,2.4727704524993896,-1.1675682067871094,52.5,13.5
2024-08-11 00:00:00,2.2436742782592773,-0.05051654577255249,52.5,13.5
2024-08-11 06:00:00,2.341745376586914,-0.8978281617164612,52.5,13.5
2024-08-11 12:00:00,3.455552339553833,-1.676326036453247,52.5,13.5
2024-08-11 18:00:00,0.5736644268035889,-1.884852409362793,52.5,13.5
2024-08-12 00:00:00,-1.3499946594238281,-0.08127450942993164,52.5,13.5
2024-08-12 06:00:00,-0.8042944073677063,-0.5854716300964355,52.5,13.5
2024-08-12 12:00:00,0.2242504358291626,-0.1830451488494873,52.5,13.5
2024-08-12 18:00:00,-1.1692849397659302,-1.1016418933868408,52.5,13.5
2024-08-13 00:00:00,-2.875917911529541,-0.4041895270347595,52.5,13.5
2024-08-13 06:00:00,-2.9984025955200195,0.7427046895027161,52.5,13.5
2024-08-13 12:00:00,-3.8059563636779785,0.717284619808197,52.5,13.5
2024-08-13 18:00:00,-3.5288877487182617,-0.20980069041252136,52.5,13.5
2024-08-14 00:00:00,-3.942307949066162,1.2994588613510132,52.5,13.5
2024-08-14 06:00:00,-4.095189094543457,1.0718071460723877,52.5,13.5
2024-08-14 12:00:00,-4.263885974884033,1.2776391506195068,52.5,13.5
2024-08-14 18:00:00,-1.1731222867965698,2.1067862510681152,52.5,13.5
2024-08-15 00:00:00,-1.1059046983718872,-0.49410974979400635,52.5,13.5
2024-08-15 06:00:00,1.29764986038208,0.09917998313903809,52.5,13.5
2024-08-15 12:00:00,1.6212984323501587,0.28975188732147217,52.5,13.5
2024-08-15 18:00:00,2.097489595413208,-0.5507419109344482,52.5,13.5
2024-08-16 00:00:00,1.4107810258865356,0.8689470291137695,52.5,13.5
2024-08-16 06:00:00,0.4744647145271301,2.7687466144561768,52.5,13.5
2024-08-16 12:00:00,3.313138008117676,2.443091630935669,52.5,13.5
2024-08-16 18:00:00,1.4971673488616943,-1.0020415782928467,52.5,13.5
2024-08-17 00:00:00,0.2282102108001709,-0.30649757385253906,52.5,13.5
2024-08-17 06:00:00,1.398817539215088,0.007968306541442871,52.5,13.5
2024-08-17 12:00:00,0.8627285957336426,0.6131667494773865,52.5,13.5
2024-08-17 18:00:00,-0.26130056381225586,-3.0468430519104004,52.5,13.5
2024-08-18 00:00:00,-1.2023576498031616,-2.106369972229004,52.5,13.5
2024-08-18 06:00:00,-1.2090617418289185,-1.8476508855819702,52.5,13.5
2024-08-18 12:00:00,0.7091532945632935,-2.5105714797973633,52.5,13.5
2024-08-18 18:00:00,0.18036627769470215,-4.266112327575684,52.5,13.5
2024-08-19 00:00:00,1.073695421218872,-3.6394574642181396,52.5,13.5
2024-08-19 06:00:00,1.8926596641540527,-3.4950075149536133,52.5,13.5
2024-08-19 12:00:00,1.2533543109893799,-2.295078992843628,52.5,13.5
2024-08-19 18:00:00,0.4141688346862793,-1.2220218181610107,52.5,13.5
2024-08-20 00:00:00,-1.36318838596344,1.3869614601135254,52.5,13.5
2024-08-20 06:00:00,-1.6830931901931763,1.3507468700408936,52.5,13.5
2024-08-20 12:00:00,-1.2404754161834717,2.00187087059021,52.5,13.5
2024-08-20 18:00:00,-0.834033191204071,1.4039602279663086,52.5,13.5
2024-08-21 00:00:00,-0.5289459228515625,3.0040433406829834,52.5,13.5
2024-08-21 06:00:00,4.927175521850586,1.0563021898269653,52.5,13.5
2024-08-21 12:00:00,6.708586692810059,-1.024524211883545,52.5,13.5
2024-08-21 18:00:00,4.399601459503174,-1.5983562469482422,52.5,13.5
2024-08-22 00:00:00,2.1018993854522705,0.6835551857948303,52.5,13.5
2024-08-22 06:00:00,1.890264630317688,2.39146089553833,52.5,13.5
2024-08-22 12:00:00,4.084188461303711,2.6759839057922363,52.5,13.5
2024-08-22 18:00:00,0.8307299613952637,2.4698970317840576,52.5,13.5
2024-08-23 00:00:00,1.1512441635131836,2.650686502456665,52.5,13.5
2024-08-23 06:00:00,0.43218445777893066,4.235051155090332,52.5,13.5
2024-08-23 12:00:00,3.025935649871826,5.860615253448486,52.5,13.5
2024-08-23 18:00:00,3.705047130584717,1.9893300533294678,52.5,13.5
2024-08-24 00:00:00,1.3444074392318726,-0.6920292973518372,52.5,13.5
2024-08-24 06:00:00,-1.074001669883728,2.7868168354034424,52.5,13.5
2024-08-24 12:00:00,0.4311767816543579,4.9874043464660645,52.5,13.5
2024-08-24 18:00:00,-2.1847825050354004,3.442680835723877,52.5,13.5
2024-08-25 00:00:00,1.9467144012451172,4.609407901763916,52.5,13.5
2024-08-25 06:00:00,5.937309265136719,-0.06552284955978394,52.5,13.5
2024-08-25 12:00:00,4.925553321838379,-0.6346624493598938,52.5,13.5
2024-08-25 18:00:00,1.3879833221435547,-0.5656349062919617,52.5,13.5
2024-08-26 00:00:00,0.015875816345214844,1.216427206993103,52.5,13.5
2024-08-26 06:00:00,-0.5549027919769287,0.2416616678237915,52.5,13.5
2024-08-26 12:00:00,0.751584529876709,2.459470272064209,52.5,13.5
2024-08-26 18:00:00,-0.44610095024108887,-1.2826751470565796,52.5,13.5
2024-08-27 00:00:00,-0.6544406414031982,-0.2839996814727783,52.5,13.5
2024-08-27 06:00:00,-1.0528504848480225,0.7412467002868652,52.5,13.5
2024-08-27 12:00:00,-2.607792377471924,1.6575260162353516,52.5,13.5
2024-08-27 18:00:00,-1.8707780838012695,-0.12890028953552246,52.5,13.5
2024-08-28 00:00:00,-2.838330030441284,0.20637071132659912,52.5,13.5
2024-08-28 06:00:00,-3.4610469341278076,0.5216458439826965,52.5,13.5
2024-08-28 12:00:00,-3.870060443878174,2.353625774383545,52.5,13.5
2024-08-28 18:00:00,-2.409172296524048,0.9268723130226135,52.5,13.5
2024-08-29 00:00:00,-2.263883113861084,2.158921718597412,52.5,13.5
2024-08-29 06:00:00,-0.1751643419265747,2.0285146236419678,52.5,13.5
2024-08-29 12:00:00,1.2744964361190796,2.4124913215637207,52.5,13.5
2024-08-29 18:00:00,-0.26645827293395996,0.867729663848877,52.5,13.5
2024-08-30 00:00:00,1.6139910221099854,0.7132769823074341,52.5,13.5
2024-08-30 06:00:00,2.9127273559570312,-2.9438250064849854,52.5,13.5
2024-08-30 12:00:00,-0.11173784732818604,-3.2538182735443115,52.5,13.5
2024-08-30 18:00:00,-0.5798963308334351,-4.32982063293457,52.5,13.5
2024-08-31 00:00:00,-1.4373974800109863,-3.4019274711608887,52.5,13.5
2024-08-31 06:00:00,-0.8718087673187256,-2.010530471801758,52.5,13.5
2024-08-31 12:00:00,-1.7315037250518799,-1.6253917217254639,52.5,13.5
2024-08-31 18:00:00,-2.015913963317871,-1.9170284271240234,52.5,13.5
2024-09-01 00:00:00,-2.8655786514282227,-1.6091969013214111,52.5,13.5
2024-09-01 06:00:00,-3.193852186203003,-0.8108227252960205,52.5,13.5
2024-09-01 12:00:00,-3.86431622505188,-0.6452711820602417,52.5,13.5
2024-09-01 18:00:00,-2.7313220500946045,-2.3523871898651123,52.5,13.5
2024-09-02 00:00:00,-2.281639337539673,-1.2626527547836304,52.5,13.5
2024-09-02 06:00:00,-2.809304714202881,-0.8154786825180054,52.5,13.5
2024-09-02 12:00:00,-3.1816518306732178,-0.4496091604232788,52.5,13.5
2024-09-02 18:00:00,-2.182485342025757,-1.6620427370071411,52.5,13.5
2024-09-03 00:00:00,-2.803400993347168,0.616626501083374,52.5,13.5
2024-09-03 06:00:00,-2.821323871612549,-0.5277241468429565,52.5,13.5
2024-09-03 12:00:00,-1.7903714179992676,1.8529034852981567,52.5,13.5
2024-09-03 18:00:00,-0.9347507953643799,2.094210624694824,52.5,13.5
2024-09-04 00:00:00,-1.9357080459594727,0.7314472198486328,52.5,13.5
2024-09-04 06:00:00,-3.4443435668945312,1.2415335178375244,52.5,13.5
2024-09-04 12:00:00,-5.475307464599609,2.0006539821624756,52.5,13.5
2024-09-04 18:00:00,-4.290754318237305,-0.32544612884521484,52.5,13.5
2024-09-05 00:00:00,-4.2263689041137695,0.0500485897064209,52.5,13.5
2024-09-05 06:00:00,-5.531826019287109,0.23063233494758606,52.5,13.5
2024-09-05 12:00:00,-7.395118236541748,-0.21899932622909546,52.5,13.5
2024-09-05 18:00:00,-5.050827980041504,-0.9252501130104065,52.5,13.5
2024-09-06 00:00:00,-4.954377174377441,-0.06022217869758606,52.5,13.5
2024-09-06 06:00:00,-5.417304039001465,0.04270221292972565,52.5,13.5
2024-09-06 12:00:00,-5.2751922607421875,0.23720501363277435,52.5,13.5
2024-09-06 18:00:00,-2.088313579559326,0.7096847891807556,52.5,13.5
2024-09-07 00:00:00,-2.2502005100250244,0.46899688243865967,52.5,13.5
2024-09-07 06:00:00,-2.7694108486175537,0.9201329946517944,52.5,13.5
2024-09-07 12:00:00,-3.0083255767822266,2.312483072280884,52.5,13.5
2024-09-07 18:00:00,-3.2870593070983887,0.41021692752838135,52.5,13.5
2024-09-08 00:00:00,-2.9947426319122314,1.3735694885253906,52.5,13.5
2024-09-08 06:00:00,-2.8483242988586426,2.2921502590179443,52.5,13.5
2024-09-08 12:00:00,-2.0636022090911865,3.375009775161743,52.5,13.5
2024-09-08 18:00:00,-1.2809045314788818,1.306478500366211,52.5,13.5
2024-09-09 00:00:00,1.1227481365203857,0.5008244514465332,52.5,13.5
2024-09-09 06:00:00,3.601045846939087,-1.5686073303222656,52.5,13.5
2024-09-09 12:00:00,4.291333198547363,0.2558746337890625,52.5,13.5
2024-09-09 18:00:00,2.667949914932251,0.09547185897827148,52.5,13.5
2024-09-10 00:00:00,3.2669453620910645,1.2036590576171875,52.5,13.5
2024-09-10 06:00:00,4.3463544845581055,-0.7914247512817383,52.5,13.5
2024-09-10 12:00:00,4.1584014892578125,0.8788199424743652,52.5,13.5
2024-09-10 18:00:00,2.5385332107543945,2.992788553237915,52.5,13.5
2024-09-11 00:00:00,2.0101125240325928,4.244399070739746,52.5,13.5
2024-09-11 06:00:00,2.1222383975982666,5.471960544586182,52.5,13.5
2024-09-11 12:00:00,3.927212715148926,0.5753360986709595,52.5,13.5
2024-09-11 18:00:00,1.6164071559906006,1.449463129043579,52.5,13.5
2024-09-12 00:00:00,1.9316685199737549,0.3043149709701538,52.5,13.5
2024-09-12 06:00:00,2.108464479446411,0.8485569953918457,52.5,13.5
2024-09-12 12:00:00,2.6671693325042725,0.2523908019065857,52.5,13.5
2024-09-12 18:00:00,-0.9123687744140625,-0.304671972990036,52.5,13.5
2024-09-13 00:00:00,1.027424693107605,-1.2957559823989868,52.5,13.5
2024-09-13 06:00:00,0.6237046718597412,-3.0129737854003906,52.5,13.5
2024-09-13 12:00:00,1.327351450920105,-3.667240619659424,52.5,13.5
2024-09-13 18:00:00,2.2643542289733887,-5.3677144050598145,52.5,13.5
2024-09-14 00:00:00,1.9736171960830688,-6.48391056060791,52.5,13.5
2024-09-14 06:00:00,2.2542848587036133,-6.235777378082275,52.5,13.5
2024-09-14 12:00:00,2.0705628395080566,-7.12026309967041,52.5,13.5
2024-09-14 18:00:00,2.4000420570373535,-5.596911907196045,52.5,13.5
2024-09-15 00:00:00,3.0590620040893555,-4.5086140632629395,52.5,13.5
2024-09-15 06:00:00,2.5770363807678223,-4.622718334197998,52.5,13.5
2024-09-15 12:00:00,1.0777651071548462,-6.979220867156982,52.5,13.5
2024-09-15 18:00:00,0.5458184480667114,-4.0933027267456055,52.5,13.5
2024-09-16 00:00:00,1.134408712387085,-4.6261396408081055,52.5,13.5
2024-09-16 06:00:00,0.6552213430404663,-6.336010932922363,52.5,13.5
2024-09-16 12:00:00,0.3108590841293335,-6.232054710388184,52.5,13.5
2024-09-16 18:00:00,-0.5702273845672607,-5.3205671310424805,52.5,13.5
2024-09-17 00:00:00,-0.9660968780517578,-4.090909004211426,52.5,13.5
2024-09-17 06:00:00,-1.9083993434906006,-4.570427894592285,52.5,13.5
2024-09-17 12:00:00,-2.613084077835083,-3.591306686401367,52.5,13.5
2024-09-17 18:00:00,-2.005674123764038,-4.321044921875,52.5,13.5
2024-09-18 00:00:00,-2.171844005584717,-2.754085063934326,52.5,13.5
2024-09-18 06:00:00,-2.714233636856079,-2.876094341278076,52.5,13.5
2024-09-18 12:00:00,-2.1621336936950684,-2.9803109169006348,52.5,13.5
2024-09-18 18:00:00,-2.4159886837005615,-3.6431026458740234,52.5,13.5
2024-09-19 00:00:00,-2.2660861015319824,-2.786181688308716,52.5,13.5
2024-09-19 06:00:00,-3.1955456733703613,-2.636909246444702,52.5,13.5
2024-09-19 12:00:00,-3.9228014945983887,-1.907287359237671,52.5,13.5
2024-09-19 18:00:00,-4.079977035522461,-0.32039380073547363,52.5,13.5
2024-09-20 00:00:00,-3.1016805171966553,-1.2565600872039795,52.5,13.5
2024-09-20 06:00:00,-4.159509658813477,-0.6445963382720947,52.5,13.5
2024-09-20 12:00:00,-5.475286483764648,0.6583884954452515,52.5,13.5
2024-09-20 18:00:00,-3.3246383666992188,-0.06337738037109375,52.5,13.5
2024-09-21 00:00:00,-3.0735599994659424,0.26141321659088135,52.5,13.5
2024-09-21 06:00:00,-3.3985555171966553,0.2569580078125,52.5,13.5
2024-09-21 12:00:00,-3.5303595066070557,1.1880990266799927,52.5,13.5
2024-09-21 18:00:00,-2.767522096633911,0.06241333484649658,52.5,13.5
2024-09-22 00:00:00,-2.3434267044067383,-0.0029435157775878906,52.5,13.5
2024-09-22 06:00:00,-2.477088212966919,0.747050404548645,52.5,13.5
2024-09-22 12:00:00,-2.364442825317383,1.05574369430542,52.5,13.5
2024-09-22 18:00:00,-2.178661584854126,0.4890815019607544,52.5,13.5
2024-09-23 00:00:00,-1.6575992107391357,0.40201759338378906,52.5,13.5
2024-09-23 06:00:00,-0.8127663135528564,0.6969089508056641,52.5,13.5
2024-09-23 12:00:00,0.25321388244628906,1.1004067659378052,52.5,13.5
2024-09-23 18:00:00,-1.979795217514038,1.2039783000946045,52.5,13.5
2024-09-24 00:00:00,-0.8878889083862305,1.7550408840179443,52.5,13.5
2024-09-24 06:00:00,1.1402692794799805,1.2252130508422852,52.5,13.5
2024-09-24 12:00:00,3.5121395587921143,1.7052018642425537,52.5,13.5
2024-09-24 18:00:00,1.1658556461334229,3.508610248565674,52.5,13.5
2024-09-25 00:00:00,2.007890224456787,3.699958086013794,52.5,13.5
2024-09-25 06:00:00,2.9426236152648926,3.0337603092193604,52.5,13.5
2024-09-25 12:00:00,1.1559197902679443,3.766838550567627,52.5,13.5
2024-09-25 18:00:00,1.309274435043335,2.7280216217041016,52.5,13.5
2024-09-26 00:00:00,-0.6201639175415039,3.6981892585754395,52.5,13.5
2024-09-26 06:00:00,-1.6838669776916504,5.631821632385254,52.5,13.5
2024-09-26 12:00:00,2.0567216873168945,5.380142688751221,52.5,13.5
2024-09-26 18:00:00,2.648336887359619,4.8303070068359375,52.5,13.5
2024-09-27 00:00:00,3.782841920852661,6.08614444732666,52.5,13.5
2024-09-27 06:00:00,3.9567792415618896,4.279550552368164,52.5,13.5
2024-09-27 12:00:00,4.800760269165039,4.9810380935668945,52.5,13.5
2024-09-27 18:00:00,3.3364317417144775,4.257518768310547,52.5,13.5
2024-09-28 00:00:00,6.500076770782471,5.256573677062988,52.5,13.5
2024-09-28 06:00:00,5.513472080230713,-0.3640475273132324,52.5,13.5
2024-09-28 12:00:00,5.280287742614746,-1.4465376138687134,52.5,13.5
2024-09-28 18:00:00,3.813847064971924,-0.9383128881454468,52.5,13.5
2024-09-29 00:00:00,3.6727991104125977,-0.2405993938446045,52.5,13.5
2024-09-29 06:00:00,3.3217835426330566,0.11745405197143555,52.5,13.5
2024-09-29 12:00:00,2.2774345874786377,-2.116079330444336,52.5,13.5
2024-09-29 18:00:00,-1.8414597511291504,-0.7199158668518066,52.5,13.5
2024-09-30 00:00:00,-2.920166015625,0.7589384913444519,52.5,13.5
2024-09-30 06:00:00,-3.6874196529388428,1.3014165163040161,52.5,13.5
2024-09-30 12:00:00,-4.842398643493652,4.225672245025635,52.5,13.5
2024-09-30 18:00:00,-4.966175556182861,2.002793550491333,52.5,13.5
2024-10-01 00:00:00,-4.818979263305664,2.795538902282715,52.5,13.5
2024-10-01 06:00:00,-5.05689001083374,2.756068706512451,52.5,13.5
2024-10-01 12:00:00,-3.877755880355835,2.526968479156494,52.5,13.5
2024-10-01 18:00:00,-2.962580919265747,0.2805856466293335,52.5,13.5
2024-10-02 00:00:00,-2.6321914196014404,-0.5622915029525757,52.5,13.5
2024-10-02 06:00:00,-3.037672519683838,-1.8700767755508423,52.5,13.5
2024-10-02 12:00:00,-1.6416081190109253,-2.672619342803955,52.5,13.5
2024-10-02 18:00:00,0.21684706211090088,-2.7628111839294434,52.5,13.5
2024-10-03 00:00:00,1.072382926940918,-2.779137134552002,52.5,13.5
2024-10-03 06:00:00,1.7080059051513672,-3.7496185302734375,52.5,13.5
2024-10-03 12:00:00,2.0644640922546387,-3.3274505138397217,52.5,13.5
2024-10-03 18:00:00,0.28853893280029297,-4.293727397918701,52.5,13.5
2024-10-04 00:00:00,-0.36391305923461914,-3.403393268585205,52.5,13.5
2024-10-04 06:00:00,-0.37709951400756836,-4.169952392578125,52.5,13.5
2024-10-04 12:00:00,-1.7625330686569214,-3.8552308082580566,52.5,13.5
2024-10-04 18:00:00,-1.5884748697280884,-3.7355995178222656,52.5,13.5
2024-10-05 00:00:00,-1.0944430828094482,-2.916757583618164,52.5,13.5
2024-10-05 06:00:00,-0.9233951568603516,-2.8198180198669434,52.5,13.5
2024-10-05 12:00:00,-2.003748655319214,-1.7565417289733887,52.5,13.5
2024-10-05 18:00:00,-0.1920185089111328,-1.6034789085388184,52.5,13.5
2024-10-06 00:00:00,-1.5278815031051636,-0.3745032548904419,52.5,13.5
2024-10-06 06:00:00,-1.2112493515014648,-0.14165234565734863,52.5,13.5
2024-10-06 12:00:00,-1.5555005073547363,1.6001536846160889,52.5,13.5
2024-10-06 18:00:00,-1.3661130666732788,1.7648779153823853,52.5,13.5
2024-10-07 00:00:00,-3.110266923904419,2.0604474544525146,52.5,13.5
2024-10-07 06:00:00,-1.9944899082183838,2.964016914367676,52.5,13.5
2024-10-07 12:00:00,0.5515404939651489,3.401200294494629,52.5,13.5
2024-10-07 18:00:00,-0.36656618118286133,2.272597312927246,52.5,13.5
2024-10-08 00:00:00,-1.3380732536315918,1.3881847858428955,52.5,13.5
2024-10-08 06:00:00,-2.1033284664154053,2.4201385974884033,52.5,13.5
2024-10-08 12:00:00,-1.07914137840271,2.2758045196533203,52.5,13.5
2024-10-08 18:00:00,1.018999695777893,1.2717413902282715,52.5,13.5
2024-10-09 00:00:00,2.9790232181549072,-0.8547863960266113,52.5,13.5
2024-10-09 06:00:00,1.2341889142990112,2.6344168186187744,52.5,13.5
2024-10-09 12:00:00,1.6302779912948608,4.9287567138671875,52.5,13.5
2024-10-09 18:00:00,-1.8528252840042114,4.456835746765137,52.5,13.5
2024-10-10 00:00:00,-2.0234265327453613,5.0727362632751465,52.5,13.5
2024-10-10 06:00:00,-0.063568115234375,6.871724605560303,52.5,13.5
2024-10-10 12:00:00,6.613348960876465,1.6788772344589233,52.5,13.5
2024-10-10 18:00:00,5.471255302429199,-2.290074348449707,52.5,13.5
2024-10-11 00:00:00,3.566817045211792,0.47144412994384766,52.5,13.5
2024-10-11 06:00:00,3.2866551876068115,0.42467403411865234,52.5,13.5
2024-10-11 12:00:00,4.289740562438965,-0.48919570446014404,52.5,13.5
2024-10-11 18:00:00,2.045393705368042,0.34746670722961426,52.5,13.5
2024-10-12 00:00:00,1.0910592079162598,1.4811495542526245,52.5,13.5
2024-10-12 06:00:00,-0.8191232681274414,1.8517049551010132,52.5,13.5
2024-10-12 12:00:00,-2.7675092220306396,3.6950316429138184,52.5,13.5
2024-10-12 18:00:00,-2.4669737815856934,4.106760025024414,52.5,13.5
2024-10-13 00:00:00,-0.9471340179443359,4.8504319190979,52.5,13.5
2024-10-13 06:00:00,7.712499141693115,1.4715248346328735,52.5,13.5
2024-10-13 12:00:00,8.216163635253906,1.8560322523117065,52.5,13.5
2024-10-13 18:00:00,7.700214862823486,-0.34363293647766113,52.5,13.5
2024-10-14 00:00:00,6.29827880859375,0.176055908203125,52.5,13.5
2024-10-14 06:00:00,4.52523136138916,0.9223496913909912,52.5,13.5
2024-10-14 12:00:00,3.9210312366485596,-0.889976978302002,52.5,13.5
2024-10-14 18:00:00,1.7440621852874756,-0.044648975133895874,52.5,13.5
2024-10-15 00:00:00,1.7380231618881226,-1.0188202857971191,52.5,13.5
2024-10-15 06:00:00,1.799059271812439,-0.6341229677200317,52.5,13.5
2024-10-15 12:00:00,1.294817566871643,-0.4403599500656128,52.5,13.5
2024-10-15 18:00:00,-1.969228982925415,-0.5471417903900146,52.5,13.5
2024-10-16 00:00:00,-3.601823568344116,1.2862094640731812,52.5,13.5
2024-10-16 06:00:00,-4.603551864624023,2.174437999725342,52.5,13.5
2024-10-16 12:00:00,-5.335017204284668,2.461935520172119,52.5,13.5
2024-10-16 18:00:00,-5.383453845977783,3.1869559288024902,52.5,13.5
2024-10-17 00:00:00,-4.89038610458374,3.59370756149292,52.5,13.5
2024-10-17 06:00:00,-3.92877197265625,3.8019583225250244,52.5,13.5
2024-10-17 12:00:00,-2.8262720108032227,3.9767141342163086,52.5,13.5
2024-10-17 18:00:00,-2.1517465114593506,3.283515691757202,52.5,13.5
2024-10-18 00:00:00,-2.0989651679992676,2.127272129058838,52.5,13.5
2024-10-18 06:00:00,-2.6680479049682617,1.8177220821380615,52.5,13.5
2024-10-18 12:00:00,-2.7868194580078125,2.062689781188965,52.5,13.5
2024-10-18 18:00:00,-2.6476454734802246,1.0122981071472168,52.5,13.5
2024-10-19 00:00:00,-2.4410195350646973,2.555443286895752,52.5,13.5
2024-10-19 06:00:00,-1.2683019638061523,3.415681838989258,52.5,13.5
2024-10-19 12:00:00,0.831804096698761,4.278375625610352,52.5,13.5
2024-10-19 18:00:00,-1.600217580795288,3.341198682785034,52.5,13.5
2024-10-20 00:00:00,-0.5451083183288574,2.287058115005493,52.5,13.5
2024-10-20 06:00:00,-1.0262565612792969,2.3460052013397217,52.5,13.5
2024-10-20 12:00:00,-1.5142784118652344,3.0015265941619873,52.5,13.5
2024-10-20 18:00:00,-1.010218620300293,3.2607522010803223,52.5,13.5
2024-10-21 00:00:00,1.802065372467041,4.156955718994141,52.5,13.5
2024-10-21 06:00:00,2.107764720916748,3.304056167602539,52.5,13.5
2024-10-21 12:00:00,1.3456590175628662,2.424421787261963,52.5,13.5
2024-10-21 18:00:00,0.519270658493042,1.5180529356002808,52.5,13.5
2024-10-22 00:00:00,-0.9528433084487915,2.1304473876953125,52.5,13.5
2024-10-22 06:00:00,0.7951719760894775,3.856504440307617,52.5,13.5
2024-10-22 12:00:00,5.042283058166504,-2.190258502960205,52.5,13.5
2024-10-22 18:00:00,2.337886333465576,0.12227818369865417,52.5,13.5
2024-10-23 00:00:00,2.8061954975128174,0.5323429703712463,52.5,13.5
2024-10-23 06:00:00,1.8386366367340088,0.4860532879829407,52.5,13.5
2024-10-23 12:00:00,1.8823912143707275,0.08978551626205444,52.5,13.5
2024-10-23 18:00:00,0.027353286743164062,1.2834980487823486,52.5,13.5
2024-10-24 00:00:00,-0.4907071590423584,1.380157709121704,52.5,13.5
2024-10-24 06:00:00,-2.4388060569763184,1.2841010093688965,52.5,13.5
2024-10-24 12:00:00,-4.062714576721191,0.7441463470458984,52.5,13.5
2024-10-24 18:00:00,-3.7429542541503906,1.7010741233825684,52.5,13.5
2024-10-25 00:00:00,-2.550724506378174,2.039907932281494,52.5,13.5
2024-10-25 06:00:00,-1.0988150835037231,2.3767645359039307,52.5,13.5
2024-10-25 12:00:00,-0.6563913822174072,2.0116286277770996,52.5,13.5
2024-10-25 18:00:00,-0.08355164527893066,2.390904188156128,52.5,13.5
2024-10-26 00:00:00,0.9859315156936646,1.7144410610198975,52.5,13.5
2024-10-26 06:00:00,-0.4034266471862793,1.521600604057312,52.5,13.5
2024-10-26 12:00:00,-1.1881712675094604,0.350034236907959,52.5,13.5
2024-10-26 18:00:00,-2.174975872039795,1.1681941747665405,52.5,13.5
2024-10-27 00:00:00,-1.7614995241165161,2.279811143875122,52.5,13.5
2024-10-27 06:00:00,-0.6687076091766357,2.7179787158966064,52.5,13.5
2024-10-27 12:00:00,5.378901481628418,0.7696743011474609,52.5,13.5
2024-10-27 18:00:00,3.259289264678955,-0.37599289417266846,52.5,13.5
2024-10-28 00:00:00,1.6099052429199219,1.1243128776550293,52.5,13.5
2024-10-28 06:00:00,-0.28934574127197266,2.2756824493408203,52.5,13.5
2024-10-28 12:00:00,2.0616455078125,2.041285514831543,52.5,13.5
2024-10-28 18:00:00,2.5935325622558594,1.3022100925445557,52.5,13.5
2024-10-29 00:00:00,3.26765775680542,1.337904453277588,52.5,13.5
2024-10-29 06:00:00,2.3380141258239746,1.7877141237258911,52.5,13.5
2024-10-29 12:00:00,2.539456367492676,1.1680035591125488,52.5,13.5
2024-10-29 18:00:00,2.4908323287963867,0.5812952518463135,52.5,13.5
2024-10-30 00:00:00,3.0171902179718018,0.5437700748443604,52.5,13.5
2024-10-30 06:00:00,3.562391519546509,0.3648500442504883,52.5,13.5
2024-10-30 12:00:00,3.925126075744629,-0.8686978816986084,52.5,13.5
2024-10-30 18:00:00,3.0149917602539062,-1.3154423236846924,52.5,13.5
2024-10-31 00:00:00,2.923509359359741,-0.8199524879455566,52.5,13.5
2024-10-31 06:00:00,2.385443925857544,0.6146209239959717,52.5,13.5
2024-10-31 12:00:00,5.361795425415039,0.9720267057418823,52.5,13.5
2024-10-31 18:00:00,4.364014148712158,0.8977733850479126,52.5,13.5
2024-11-01 00:00:00,4.947575092315674,1.2043182849884033,52.5,13.5
2024-11-01 06:00:00,5.080199718475342,0.9329686760902405,52.5,13.5
2024-11-01 12:00:00,5.778179168701172,1.2833290100097656,52.5,13.5
2024-11-01 18:00:00,5.35650110244751,-0.20350772142410278,52.5,13.5
2024-11-02 00:00:00,4.940877914428711,-0.5371266603469849,52.5,13.5
2024-11-02 06:00:00,1.406852126121521,-2.848062515258789,52.5,13.5
2024-11-02 12:00:00,0.30755287408828735,-2.0399398803710938,52.5,13.5
2024-11-02 18:00:00,-1.1163238286972046,-1.9869149923324585,52.5,13.5
2024-11-03 00:00:00,-0.6573138236999512,1.1732666492462158,52.5,13.5
2024-11-03 06:00:00,1.2646865844726562,1.3738749027252197,52.5,13.5
2024-11-03 12:00:00,2.553718090057373,1.0917909145355225,52.5,13.5
2024-11-03 18:00:00,2.9052724838256836,0.1832340955734253,52.5,13.5
2024-11-04 00:00:00,3.2699949741363525,0.056670188903808594,52.5,13.5
2024-11-04 06:00:00,2.2909109592437744,0.12908196449279785,52.5,13.5
2024-11-04 12:00:00,0.6209733486175537,-0.026775836944580078,52.5,13.5
2024-11-04 18:00:00,-0.9778070449829102,0.9842307567596436,52.5,13.5
2024-11-05 00:00:00,-1.7762778997421265,1.2516220808029175,52.5,13.5
2024-11-05 06:00:00,-2.0948257446289062,1.6462546586990356,52.5,13.5
2024-11-05 12:00:00,-1.3986326456069946,2.103809356689453,52.5,13.5
2024-11-05 18:00:00,-1.4822335243225098,0.49587011337280273,52.5,13.5
2024-11-06 00:00:00,-1.0548322200775146,0.781213104724884,52.5,13.5
2024-11-06 06:00:00,-0.03556877374649048,0.5898346304893494,52.5,13.5
2024-11-06 12:00:00,0.3372442126274109,0.3898547291755676,52.5,13.5
2024-11-06 18:00:00,0.7600069642066956,0.3898547291755676,52.5,13.5
2024-11-07 00:00:00,1.2069278955459595,-0.45669370889663696,52.5,13.5
2024-11-07 06:00:00,0.6950473785400391,-0.6144956350326538,52.5,13.5
2024-11-07 12:00:00,0.19068340957164764,-0.18326732516288757,52.5,13.5
2024-11-07 18:00:00,-1.5561747550964355,-0.61158686876297,52.5,13.5
2024-11-08 00:00:00,-1.975691318511963,0.5299928188323975,52.5,13.5
2024-11-08 06:00:00,-2.8570008277893066,0.09285879135131836,52.5,13.5
2024-11-08 12:00:00,-4.1953125,0.8750264644622803,52.5,13.5
2024-11-08 18:00:00,-4.033265113830566,0.4777567386627197,52.5,13.5
2024-11-09 00:00:00,-3.6403067111968994,1.066283106803894,52.5,13.5
2024-11-09 06:00:00,-3.207965135574341,0.9647067785263062,52.5,13.5
2024-11-09 12:00:00,-2.7965433597564697,1.3332644701004028,52.5,13.5
2024-11-09 18:00:00,-2.841172218322754,0.538497805595398,52.5,13.5
2024-11-10 00:00:00,-1.7427797317504883,0.6069468855857849,52.5,13.5
2024-11-10 06:00:00,-1.8982402086257935,0.8099170327186584,52.5,13.5
2024-11-10 12:00:00,-1.0118948221206665,0.9267786145210266,52.5,13.5
2024-11-10 18:00:00,0.31136074662208557,0.7525113224983215,52.5,13.5
2024-11-11 00:00:00,0.6612836718559265,0.9570386409759521,52.5,13.5
2024-11-11 06:00:00,0.11964833736419678,1.3069437742233276,52.5,13.5
2024-11-11 12:00:00,-0.35301458835601807,1.8590482473373413,52.5,13.5
2024-11-11 18:00:00,-2.540517807006836,0.6766843199729919,52.5,13.5
2024-11-12 00:00:00,-2.707064390182495,-0.4978303909301758,52.5,13.5
2024-11-12 06:00:00,-1.8001229763031006,-1.091728925704956,52.5,13.5
2024-11-12 12:00:00,-1.647653579711914,-1.2304551601409912,52.5,13.5
2024-11-12 18:00:00,-0.22102808952331543,-0.2121293544769287,52.5,13.5
2024-11-13 00:00:00,2.411360502243042,0.7217094898223877,52.5,13.5
2024-11-13 06:00:00,1.7514431476593018,-1.2833079099655151,52.5,13.5
2024-11-13 12:00:00,1.008025884628296,-3.0204761028289795,52.5,13.5
2024-11-13 18:00:00,2.279376983642578,0.4624178409576416,52.5,13.5
2024-11-14 00:00:00,2.1579227447509766,2.385535717010498,52.5,13.5
2024-11-14 06:00:00,2.9680135250091553,2.8277978897094727,52.5,13.5
2024-11-14 12:00:00,3.928978443145752,-0.65078204870224,52.5,13.5
2024-11-14 18:00:00,3.107743501663208,-1.1864569187164307,52.5,13.5
2024-11-15 00:00:00,2.5331099033355713,-0.7652587890625,52.5,13.5
2024-11-15 06:00:00,3.3101160526275635,0.44893884658813477,52.5,13.5
2024-11-15 12:00:00,3.8180394172668457,-0.04314398765563965,52.5,13.5
2024-11-15 18:00:00,4.348450660705566,0.8576037883758545,52.5,13.5
2024-11-16 00:00:00,3.6611626148223877,1.4799895286560059,52.5,13.5
2024-11-16 06:00:00,3.1186940670013428,2.2135705947875977,52.5,13.5
2024-11-16 12:00:00,4.690665245056152,2.4345386028289795,52.5,13.5
2024-11-16 18:00:00,3.6445324420928955,3.228235960006714,52.5,13.5
2024-11-17 00:00:00,3.9757726192474365,3.0593528747558594,52.5,13.5
2024-11-17 06:00:00,4.3919172286987305,3.03106689453125,52.5,13.5
2024-11-17 12:00:00,4.310957908630371,3.042534112930298,52.5,13.5
2024-11-17 18:00:00,6.347795486450195,1.1657243967056274,52.5,13.5
2024-11-18 00:00:00,5.1965556144714355,1.9462881088256836,52.5,13.5
2024-11-18 06:00:00,4.74146842956543,1.90364408493042,52.5,13.5
2024-11-18 12:00:00,6.55201530456543,1.1622968912124634,52.5,13.5
2024-11-18 18:00:00,5.09013557434082,1.63137948513031,52.5,13.5
2024-11-19 00:00:00,3.2850279808044434,1.9362045526504517,52.5,13.5
2024-11-19 06:00:00,-0.6905584335327148,2.791989803314209,52.5,13.5
2024-11-19 12:00:00,0.27285057306289673,3.795022964477539,52.5,13.5
2024-11-19 18:00:00,4.805344104766846,-0.6041803359985352,52.5,13.5
2024-11-20 00:00:00,5.243832588195801,-1.8260716199874878,52.5,13.5
2024-11-20 06:00:00,4.698019504547119,0.1563360095024109,52.5,13.5
2024-11-20 12:00:00,4.283296585083008,0.2578813433647156,52.5,13.5
2024-11-20 18:00:00,4.061634540557861,1.5552369356155396,52.5,13.5
2024-11-21 00:00:00,4.3141679763793945,-0.9986653923988342,52.5,13.5
2024-11-21 06:00:00,3.8988847732543945,1.1647809743881226,52.5,13.5
2024-11-21 12:00:00,5.210480690002441,3.728956699371338,52.5,13.5
2024-11-21 18:00:00,1.8091522455215454,3.2430009841918945,52.5,13.5
2024-11-22 00:00:00,2.3634514808654785,2.959707260131836,52.5,13.5
2024-11-22 06:00:00,3.226318836212158,0.4169497489929199,52.5,13.5
2024-11-22 12:00:00,4.766826629638672,1.7824772596359253,52.5,13.5
2024-11-22 18:00:00,4.252307891845703,3.684727191925049,52.5,13.5
2024-11-23 00:00:00,4.797574996948242,-2.423769474029541,52.5,13.5
2024-11-23 06:00:00,5.03977108001709,1.1292675733566284,52.5,13.5
2024-11-23 12:00:00,3.6316184997558594,2.196789264678955,52.5,13.5
2024-11-23 18:00:00,1.7328636646270752,4.2244672775268555,52.5,13.5
2024-11-24 00:00:00,0.7227312922477722,6.607526779174805,52.5,13.5
2024-11-24 06:00:00,2.5673928260803223,4.094812393188477,52.5,13.5
2024-11-24 12:00:00,2.270127773284912,4.633984088897705,52.5,13.5
2024-11-24 18:00:00,1.8146649599075317,5.039827346801758,52.5,13.5
2024-11-25 00:00:00,1.2078444957733154,5.5435614585876465,52.5,13.5
2024-11-25 06:00:00,0.8995266556739807,5.85428524017334,52.5,13.5
2024-11-25 12:00:00,0.27299433946609497,5.272263050079346,52.5,13.5
2024-11-25 18:00:00,0.8980040550231934,5.3223795890808105,52.5,13.5
2024-11-26 00:00:00,2.1970181465148926,2.1552677154541016,52.5,13.5
2024-11-26 06:00:00,2.5531203746795654,0.502108097076416,52.5,13.5
2024-11-26 12:00:00,2.990001678466797,1.8100883960723877,52.5,13.5
2024-11-26 18:00:00,1.900827407836914,2.2018444538116455,52.5,13.5
2024-11-27 00:00:00,2.5424866676330566,1.3981267213821411,52.5,13.5
2024-11-27 06:00:00,1.8632292747497559,1.1940914392471313,52.5,13.5
2024-11-27 12:00:00,0.23349440097808838,1.8505839109420776,52.5,13.5
2024-11-27 18:00:00,-2.8143110275268555,5.225399971008301,52.5,13.5
2024-11-28 00:00:00,0.7853089570999146,6.441555500030518,52.5,13.5
2024-11-28 06:00:00,6.599534034729004,4.329880237579346,52.5,13.5
2024-11-28 12:00:00,6.62979793548584,-1.3174402713775635,52.5,13.5
2024-11-28 18:00:00,5.070498943328857,-4.246791362762451,52.5,13.5
2024-11-29 00:00:00,2.5608367919921875,-4.9700469970703125,52.5,13.5
2024-11-29 06:00:00,1.893646240234375,-3.119781494140625,52.5,13.5
2024-11-29 12:00:00,1.4196929931640625,-1.936309814453125,52.5,13.5
2024-11-29 18:00:00,0.786346435546875,0.4481048583984375,52.5,13.5
2024-11-30 00:00:00,0.0098724365234375,1.2305145263671875,52.5,13.5
2024-11-30 06:00:00,-0.7631683349609375,2.47406005859375,52.5,13.5
2024-11-30 12:00:00,-0.973052978515625,3.411834716796875,52.5,13.5
2024-11-30 18:00:00,-0.5380859375,2.9774017333984375,52.5,13.5
2024-12-01 00:00:00,-0.721710205078125,2.6008148193359375,52.5,13.5
2024-12-01 06:00:00,-0.2924041748046875,2.5145416259765625,52.5,13.5
2024-12-01 12:00:00,-1.0825958251953125,2.4226837158203125,52.5,13.5
2024-12-01 18:00:00,-0.621490478515625,3.19036865234375,52.5,13.5
2024-12-02 00:00:00,0.6295013427734375,4.245208740234375,52.5,13.5
2024-12-02 06:00:00,1.6861419677734375,3.4337921142578125,52.5,13.5
2024-12-02 12:00:00,1.1546630859375,3.61126708984375,52.5,13.5
2024-12-02 18:00:00,1.3428802490234375,3.3492279052734375,52.5,13.5
2024-12-03 00:00:00,1.5072021484375,3.189605712890625,52.5,13.5
2024-12-03 06:00:00,1.8246917724609375,2.12750244140625,52.5,13.5
2024-12-03 12:00:00,1.3875732421875,2.037353515625,52.5,13.5
2024-12-03 18:00:00,2.625274658203125,0.524749755859375,52.5,13.5
2024-12-04 00:00:00,2.794464111328125,0.837432861328125,52.5,13.5
2024-12-04 06:00:00,2.36920166015625,1.0260009765625,52.5,13.5
2024-12-04 12:00:00,3.1881561279296875,-0.629058837890625,52.5,13.5
2024-12-04 18:00:00,2.964447021484375,0.7139892578125,52.5,13.5
2024-12-05 00:00:00,2.927703857421875,0.57952880859375,52.5,13.5
2024-12-05 06:00:00,2.878265380859375,0.4213104248046875,52.5,13.5
2024-12-05 12:00:00,0.2677001953125,3.1502838134765625,52.5,13.5
2024-12-05 18:00:00,-0.5660552978515625,4.8269195556640625,52.5,13.5
2024-12-06 00:00:00,-1.559722900390625,5.5241546630859375,52.5,13.5
2024-12-06 06:00:00,-2.573394775390625,3.9888458251953125,52.5,13.5
2024-12-06 12:00:00,0.6879425048828125,2.3704833984375,52.5,13.5
2024-12-06 18:00:00,2.5171661376953125,0.0520477294921875,52.5,13.5
2024-12-07 00:00:00,3.0326995849609375,1.4292755126953125,52.5,13.5
2024-12-07 06:00:00,1.5646209716796875,2.46258544921875,52.5,13.5
2024-12-07 12:00:00,-2.0219879150390625,3.78985595703125,52.5,13.5
2024-12-07 18:00:00,-1.742706298828125,4.420013427734375,52.5,13.5
2024-12-08 00:00:00,-2.134185791015625,1.93316650390625,52.5,13.5
2024-12-08 06:00:00,-3.109375,0.673431396484375,52.5,13.5
2024-12-08 12:00:00,-3.643096923828125,-1.6006011962890625,52.5,13.5
2024-12-08 18:00:00,-3.38360595703125,-2.7845458984375,52.5,13.5
2024-12-09 00:00:00,-1.4808807373046875,-3.239959716796875,52.5,13.5
2024-12-09 06:00:00,-2.7237091064453125,-2.1607208251953125,52.5,13.5
2024-12-09 12:00:00,-2.0146026611328125,-3.25823974609375,52.5,13.5
2024-12-09 18:00:00,-3.789459228515625,-3.52288818359375,52.5,13.5
2024-12-10 00:00:00,-3.4788970947265625,-3.254180908203125,52.5,13.5
2024-12-10 06:00:00,-2.8648223876953125,-2.3714141845703125,52.5,13.5
2024-12-10 12:00:00,-3.045684814453125,-1.83050537109375,52.5,13.5
2024-12-10 18:00:00,-1.66455078125,-1.49261474609375,52.5,13.5
2024-12-11 00:00:00,0.313995361328125,-1.2384033203125,52.5,13.5
2024-12-11 06:00:00,0.4043731689453125,-0.936767578125,52.5,13.5
2024-12-11 12:00:00,1.0593719482421875,-1.2372589111328125,52.5,13.5
2024-12-11 18:00:00,1.7927093505859375,-1.440338134765625,52.5,13.5
2024-12-12 00:00:00,1.2137603759765625,-0.2478485107421875,52.5,13.5
2024-12-12 06:00:00,0.6516265869140625,-0.5226898193359375,52.5,13.5
2024-12-12 12:00:00,0.4276885986328125,0.040435791015625,52.5,13.5
2024-12-12 18:00:00,-0.1963958740234375,-0.7150115966796875,52.5,13.5
2024-12-13 00:00:00,-0.7643585205078125,-0.311859130859375,52.5,13.5
2024-12-13 06:00:00,-1.665771484375,0.737274169921875,52.5,13.5
2024-12-13 12:00:00,-2.2903594970703125,3.028594970703125,52.5,13.5
2024-12-13 18:00:00,-1.3911285400390625,2.3059844970703125,52.5,13.5
2024-12-14 00:00:00,0.749786376953125,2.5015716552734375,52.5,13.5
2024-12-14 06:00:00,2.5754852294921875,2.011749267578125,52.5,13.5
2024-12-14 12:00:00,4.6083526611328125,1.27569580078125,52.5,13.5
2024-12-14 18:00:00,4.9357452392578125,1.5357818603515625,52.5,13.5
2024-12-15 00:00:00,5.2689208984375,0.4863128662109375,52.5,13.5
2024-12-15 06:00:00,5.96539306640625,-0.582855224609375,52.5,13.5
2024-12-15 12:00:00,5.701629638671875,0.6983489990234375,52.5,13.5
2024-12-15 18:00:00,6.9705657958984375,1.99090576171875,52.5,13.5
2024-12-16 00:00:00,7.6692657470703125,2.638946533203125,52.5,13.5
2024-12-16 06:00:00,8.490676879882812,0.9838714599609375,52.5,13.5
2024-12-16 12:00:00,8.210357666015625,1.1978912353515625,52.5,13.5
2024-12-16 18:00:00,7.7800750732421875,1.1612548828125,52.5,13.5
2024-12-17 00:00:00,7.6829376220703125,0.9599761962890625,52.5,13.5
2024-12-17 06:00:00,7.3600921630859375,0.61334228515625,52.5,13.5
2024-12-17 12:00:00,5.9960174560546875,0.6041412353515625,52.5,13.5
2024-12-17 18:00:00,4.8106536865234375,1.02606201171875,52.5,13.5
2024-12-18 00:00:00,1.8546905517578125,2.4184417724609375,52.5,13.5
2024-12-18 06:00:00,1.4591827392578125,3.9066925048828125,52.5,13.5
2024-12-18 12:00:00,2.638702392578125,5.0959320068359375,52.5,13.5
2024-12-18 18:00:00,5.3188323974609375,4.2463531494140625,52.5,13.5
2024-12-19 00:00:00,3.7460479736328125,4.2418670654296875,52.5,13.5
2024-12-19 06:00:00,2.1655120849609375,6.28125,52.5,13.5
2024-12-19 12:00:00,3.7050018310546875,5.66510009765625,52.5,13.5
2024-12-19 18:00:00,5.79833984375,-1.3024444580078125,52.5,13.5
2024-12-20 00:00:00,6.4656982421875,0.489044189453125,52.5,13.5
2024-12-20 06:00:00,6.9445648193359375,-0.198577880859375,52.5,13.5
2024-12-20 12:00:00,7.513580322265625,-0.5539093017578125,52.5,13.5
2024-12-20 18:00:00,5.4381866455078125,0.422271728515625,52.5,13.5
2024-12-21 00:00:00,3.4975128173828125,2.9782867431640625,52.5,13.5
2024-12-21 06:00:00,3.6196746826171875,4.068756103515625,52.5,13.5
2024-12-21 12:00:00,3.8020782470703125,3.7966156005859375,52.5,13.5
2024-12-21 18:00:00,3.7178802490234375,5.164459228515625,52.5,13.5
2024-12-22 00:00:00,3.7117767333984375,5.728424072265625,52.5,13.5
2024-12-22 06:00:00,4.7788238525390625,2.871917724609375,52.5,13.5
2024-12-22 12:00:00,3.8178253173828125,2.156951904296875,52.5,13.5
2024-12-22 18:00:00,3.74127197265625,1.3666839599609375,52.5,13.5
2024-12-23 00:00:00,3.356658935546875,1.8903350830078125,52.5,13.5
2024-12-23 06:00:00,3.5576934814453125,1.9665679931640625,52.5,13.5
2024-12-23 12:00:00,4.3307647705078125,3.722381591796875,52.5,13.5
2024-12-23 18:00:00,5.03314208984375,-0.62237548828125,52.5,13.5
2024-12-24 00:00:00,4.6636505126953125,-1.513214111328125,52.5,13.5
2024-12-24 06:00:00,3.686431884765625,-1.6807708740234375,52.5,13.5
2024-12-24 12:00:00,3.0548248291015625,-0.3947296142578125,52.5,13.5
2024-12-24 18:00:00,1.309234619140625,1.1513214111328125,52.5,13.5
2024-12-25 00:00:00,0.8805694580078125,2.2296142578125,52.5,13.5
2024-12-25 06:00:00,1.0048370361328125,2.5807342529296875,52.5,13.5
2024-12-25 12:00:00,0.8271331787109375,2.2416839599609375,52.5,13.5
2024-12-25 18:00:00,1.213958740234375,2.024810791015625,52.5,13.5
2024-12-26 00:00:00,0.905792236328125,1.436920166015625,52.5,13.5
2024-12-26 06:00:00,0.8697967529296875,1.52581787109375,52.5,13.5
2024-12-26 12:00:00,0.42022705078125,1.53350830078125,52.5,13.5
2024-12-26 18:00:00,0.157012939453125,1.4375152587890625,52.5,13.5
2024-12-27 00:00:00,0.6363677978515625,0.978607177734375,52.5,13.5
2024-12-27 06:00:00,0.0626678466796875,1.178314208984375,52.5,13.5
2024-12-27 12:00:00,0.0827178955078125,0.846099853515625,52.5,13.5
2024-12-27 18:00:00,-0.2888031005859375,1.199981689453125,52.5,13.5
2024-12-28 00:00:00,0.5660858154296875,0.9050140380859375,52.5,13.5
2024-12-28 06:00:00,0.667755126953125,0.45513916015625,52.5,13.5
2024-12-28 12:00:00,0.54254150390625,0.5349273681640625,52.5,13.5
2024-12-28 18:00:00,0.9614105224609375,1.2378387451171875,52.5,13.5
2024-12-29 00:00:00,0.85968017578125,1.6369476318359375,52.5,13.5
2024-12-29 06:00:00,2.62164306640625,0.998687744140625,52.5,13.5
2024-12-29 12:00:00,4.2200775146484375,-0.4951171875,52.5,13.5
2024-12-29 18:00:00,3.49871826171875,1.4434661865234375,52.5,13.5
2024-12-30 00:00:00,3.9444732666015625,2.7926788330078125,52.5,13.5
2024-12-30 06:00:00,4.41290283203125,2.3157196044921875,52.5,13.5
2024-12-30 12:00:00,4.2436065673828125,3.16168212890625,52.5,13.5
2024-12-30 18:00:00,4.27874755859375,3.2070770263671875,52.5,13.5
2024-12-31 00:00:00,4.334381103515625,2.2721710205078125,52.5,13.5
2024-12-31 06:00:00,3.6185302734375,2.7243499755859375,52.5,13.5
2024-12-31 12:00:00,2.6353302001953125,3.3859405517578125,52.5,13.5
2024-12-31 18:00:00,4.1566009521484375,2.9955902099609375,52.5,13.5
